Séance,Instrument,Ticker,Ouverture,Dernier Cours,+haut du jour,+bas du jour,Nombre de titres échangés,Volume des échanges,Nombre de contrats,Capitalisation,Cours ajusté
05/12/2025,HPS,HPS,533.8,530.0,534.0,530.0,815.0,433570.0,37.0,3925280700.0,530.0
04/12/2025,HPS,HPS,535.0,530.0,539.7,520.1,426.0,222461.0,26.0,3925280700.0,530.0
03/12/2025,HPS,HPS,522.0,525.0,535.0,521.2,911.0,479714.3,48.0,3888249750.0,525.0
02/12/2025,HPS,HPS,520.1,525.0,526.0,520.1,444.0,232474.1,24.0,3888249750.0,525.0
01/12/2025,HPS,HPS,523.0,522.0,533.0,519.0,564.0,295156.1,46.0,3866031180.0,522.0
28/11/2025,HPS,HPS,530.0,530.0,531.0,520.0,5493.0,2909737.0,31.0,3925280700.0,530.0
27/11/2025,HPS,HPS,524.0,534.5,534.5,523.0,9651.0,5114568.0,59.0,3958608555.0,534.5
26/11/2025,HPS,HPS,515.1,521.0,523.0,515.1,1071.0,556547.7,43.0,3858624990.0,521.0
25/11/2025,HPS,HPS,512.5,515.0,520.0,512.3,973.0,501047.0,16.0,3814187850.0,515.0
24/11/2025,HPS,HPS,520.0,512.0,520.0,510.1,13239.0,6787998.1,33.0,3791969280.0,512.0
21/11/2025,HPS,HPS,513.0,519.0,519.0,510.0,2764.0,1431347.0,32.0,3843812610.0,519.0
20/11/2025,HPS,HPS,515.0,513.0,515.0,508.5,35730.0,18223756.9,65.0,3799375470.0,513.0
19/11/2025,HPS,HPS,511.1,515.0,519.0,510.5,14491.0,7457262.0,55.0,3814187850.0,515.0
17/11/2025,HPS,HPS,522.0,524.9,525.0,520.0,7736.0,4057732.1,37.0,3887509131.0,524.9
14/11/2025,HPS,HPS,524.0,524.0,524.0,516.0,92.0,47932.6,22.0,3880843560.0,524.0
13/11/2025,HPS,HPS,524.9,524.9,529.0,510.0,398.0,206675.9,47.0,3887509131.0,524.9
12/11/2025,HPS,HPS,539.9,524.9,540.0,524.9,10968.0,5855448.5,43.0,3887509131.0,524.9
11/11/2025,HPS,HPS,535.1,528.0,543.0,528.0,14018.0,7557442.3,69.0,3910468320.0,528.0
10/11/2025,HPS,HPS,545.0,540.0,545.0,533.0,6286.0,3392548.0,25.0,3999342600.0,540.0
07/11/2025,HPS,HPS,529.0,545.0,546.0,529.0,15203.0,8239507.3,56.0,4036373550.0,545.0
05/11/2025,HPS,HPS,540.0,542.0,545.0,538.0,418.0,225684.1,26.0,4014154980.0,542.0
04/11/2025,HPS,HPS,545.0,545.0,553.5,530.0,836.0,450943.1,42.0,4036373550.0,545.0
03/11/2025,HPS,HPS,548.0,545.0,559.7,545.0,1000.0,555246.3,58.0,4036373550.0,545.0
31/10/2025,HPS,HPS,540.0,545.0,558.0,539.0,4104.0,2266106.4,63.0,4036373550.0,545.0
30/10/2025,HPS,HPS,532.0,535.0,537.0,525.0,5007.0,2666723.0,63.0,3962311650.0,535.0
29/10/2025,HPS,HPS,534.8,529.0,534.8,529.0,317.0,168130.2,30.0,3917874510.0,529.0
28/10/2025,HPS,HPS,522.6,533.0,534.0,522.6,1394.0,731296.4,55.0,3947499270.0,533.0
27/10/2025,HPS,HPS,532.0,534.9,535.0,530.0,5796.0,3076827.5,48.0,3961571031.0,534.9
24/10/2025,HPS,HPS,531.0,530.0,535.0,530.0,1842.0,978000.2,48.0,3925280700.0,530.0
23/10/2025,HPS,HPS,530.0,531.0,537.9,530.0,1118.0,594040.3,45.0,3932686890.0,531.0
22/10/2025,HPS,HPS,533.9,528.0,534.0,526.0,10670.0,5650591.5,49.0,3910468320.0,528.0
21/10/2025,HPS,HPS,519.2,520.1,538.9,519.2,13460.0,7011903.6,113.0,3851959419.0,520.1
20/10/2025,HPS,HPS,519.0,514.9,519.0,511.0,21766.0,11195450.0,43.0,3813447231.0,514.9
17/10/2025,HPS,HPS,517.0,510.2,517.0,508.1,1150.0,586966.7,26.0,3778638138.0,510.2
16/10/2025,HPS,HPS,507.0,509.0,510.0,507.0,9577.0,4883230.0,22.0,3769750710.0,509.0
15/10/2025,HPS,HPS,509.0,507.0,509.7,505.0,11835.0,5996443.2,71.0,3754938330.0,507.0
14/10/2025,HPS,HPS,515.0,507.0,515.0,506.1,15251.0,7768021.7,28.0,3754938330.0,507.0
13/10/2025,HPS,HPS,505.0,515.0,518.0,505.0,19786.0,10142604.4,61.0,3814187850.0,515.0
10/10/2025,HPS,HPS,500.0,510.0,510.0,500.0,22894.0,11671354.7,71.0,3777156900.0,510.0
09/10/2025,HPS,HPS,510.0,500.0,519.0,500.0,4621.0,2318178.2,88.0,3703095000.0,500.0
08/10/2025,HPS,HPS,520.0,510.0,520.0,510.0,2288.0,1170293.4,56.0,3777156900.0,510.0
07/10/2025,HPS,HPS,509.8,510.0,515.0,503.9,65251.0,33272125.8,117.0,3777156900.0,510.0
06/10/2025,HPS,HPS,499.0,490.3,514.0,490.3,20861.0,10359288.45,238.0,3631254957.0,490.3
03/10/2025,HPS,HPS,510.0,490.0,530.0,490.0,20214.0,10106823.7,299.0,3629033100.0,490.0
02/10/2025,HPS,HPS,490.0,505.0,509.5,480.0,2540.0,1257899.15,137.0,3740125950.0,505.0
01/10/2025,HPS,HPS,502.0,490.0,510.0,490.0,2792.0,1388533.9,180.0,3629033100.0,490.0
30/09/2025,HPS,HPS,507.5,500.0,520.0,498.0,43990.0,22030776.9,338.0,3703095000.0,500.0
29/09/2025,HPS,HPS,517.0,500.0,530.0,500.0,35162.0,18049183.9,231.0,3703095000.0,500.0
26/09/2025,HPS,HPS,535.0,515.0,540.0,515.0,59469.0,31012474.4,231.0,3814187850.0,515.0
25/09/2025,HPS,HPS,547.0,530.0,557.0,530.0,16309.0,8785646.0,355.0,3925280700.0,530.0
24/09/2025,HPS,HPS,508.7,508.7,508.7,508.7,83384.0,42417440.8,207.0,3767528853.0,508.7
23/09/2025,HPS,HPS,583.0,565.2,584.0,565.2,4602.0,2636787.2,98.0,4185978588.0,565.2
22/09/2025,HPS,HPS,569.0,577.0,589.9,560.3,10666.0,6144600.5,181.0,4273371630.0,577.0
19/09/2025,HPS,HPS,560.5,565.0,569.0,560.5,6208.0,3506949.1,32.0,4184497350.0,565.0
18/09/2025,HPS,HPS,567.2,560.0,569.0,560.0,1163.0,655826.6,57.0,4147466400.0,560.0
17/09/2025,HPS,HPS,565.0,567.1,570.0,565.0,227.0,128519.7,27.0,4200050349.0,567.1
16/09/2025,HPS,HPS,562.0,570.0,570.0,562.0,192.0,108047.8,17.0,4221528300.0,570.0
15/09/2025,HPS,HPS,573.0,560.0,573.0,560.0,2024.0,1148871.7,77.0,4147466400.0,560.0
12/09/2025,HPS,HPS,571.0,570.5,579.0,570.5,1269.0,728679.3,45.0,4225231395.0,570.5
11/09/2025,HPS,HPS,572.0,570.0,578.0,570.0,2115.0,1209154.9,59.0,4221528300.0,570.0
10/09/2025,HPS,HPS,579.0,567.0,579.0,567.0,1503.0,857212.0,79.0,4199309730.0,567.0
09/09/2025,HPS,HPS,584.4,566.0,584.4,566.0,949.0,542490.6,82.0,4191903540.0,566.0
08/09/2025,HPS,HPS,584.9,580.0,584.9,580.0,635.0,370020.2,34.0,4295590200.0,580.0
04/09/2025,HPS,HPS,580.0,575.0,583.0,575.0,3177.0,1831297.5,134.0,4258559250.0,575.0
03/09/2025,HPS,HPS,583.1,579.9,588.0,579.9,5324.0,3090641.4,110.0,4294849581.0,579.9
02/09/2025,HPS,HPS,585.0,585.0,589.0,583.1,1019.0,596232.6,46.0,4332621150.0,585.0
01/09/2025,HPS,HPS,590.0,585.0,590.0,580.1,3182.0,1866269.6,81.0,4332621150.0,585.0
29/08/2025,HPS,HPS,591.0,585.0,595.0,585.0,10461.0,6146102.7,90.0,4332621150.0,585.0
28/08/2025,HPS,HPS,593.0,593.0,593.0,589.0,3043.0,1793273.8,42.0,4391870670.0,593.0
27/08/2025,HPS,HPS,590.0,589.0,593.0,585.0,9782.0,5755937.5,80.0,4362245910.0,589.0
26/08/2025,HPS,HPS,594.9,585.0,594.9,585.0,4133.0,2436162.2,89.0,4332621150.0,585.0
25/08/2025,HPS,HPS,595.0,591.0,595.0,590.0,2297.0,1360325.2,61.0,4377058290.0,591.0
22/08/2025,HPS,HPS,591.0,590.1,596.9,590.0,3185.0,1882969.0,45.0,4370392719.0,590.1
19/08/2025,HPS,HPS,590.0,589.3,590.0,580.0,3354.0,1961255.8,73.0,4364467767.0,589.3
18/08/2025,HPS,HPS,597.0,590.0,597.0,590.0,406.0,240740.9,39.0,4369652100.0,590.0
15/08/2025,HPS,HPS,590.2,589.9,595.0,589.1,7655.0,4516752.7,65.0,4368911481.0,589.9
13/08/2025,HPS,HPS,594.9,590.2,600.0,590.2,8419.0,5017963.0,114.0,4371133338.0,590.2
12/08/2025,HPS,HPS,595.0,589.0,595.0,589.0,982.0,580593.9,47.0,4362245910.0,589.0
11/08/2025,HPS,HPS,590.0,588.2,590.0,588.0,1020.0,600538.8,52.0,4356320958.0,588.2
08/08/2025,HPS,HPS,591.5,590.0,595.0,588.1,9697.0,5721506.1,62.0,4369652100.0,590.0
07/08/2025,HPS,HPS,590.0,590.4,591.9,589.6,3610.0,2130375.5,63.0,4372614576.0,590.4
06/08/2025,HPS,HPS,595.0,589.9,597.0,589.9,2124.0,1261110.4,56.0,4368911481.0,589.9
05/08/2025,HPS,HPS,599.0,597.5,599.0,588.0,23918.0,14112936.6,40.0,4425198525.0,597.5
04/08/2025,HPS,HPS,585.3,599.5,599.5,585.1,4291.0,2542416.0,92.0,4440010905.0,599.5
01/08/2025,HPS,HPS,588.1,590.0,595.0,588.0,12637.0,7455622.4,72.0,4369652100.0,590.0
31/07/2025,HPS,HPS,599.0,588.1,600.0,588.0,40056.0,23645649.0,102.0,4355580339.0,588.1
29/07/2025,HPS,HPS,595.9,588.0,600.0,588.0,14943.0,8877310.4,105.0,4354839720.0,588.0
28/07/2025,HPS,HPS,591.1,596.0,599.0,591.1,1086.0,649196.6,42.0,4414089240.0,596.0
25/07/2025,HPS,HPS,600.0,598.9,600.0,590.0,3481.0,2077987.1,62.0,4435567191.0,598.9
24/07/2025,HPS,HPS,600.0,598.0,600.0,585.5,1180.0,702829.7,47.0,4428901620.0,598.0
23/07/2025,HPS,HPS,594.9,587.0,595.0,587.0,525.0,309683.2,36.0,4347433530.0,587.0
22/07/2025,HPS,HPS,590.0,590.0,590.0,587.0,1901.0,1121313.0,30.0,4369652100.0,590.0
21/07/2025,HPS,HPS,590.0,591.0,592.0,585.0,1274.0,748990.7,48.0,4377058290.0,591.0
18/07/2025,HPS,HPS,580.0,591.0,593.5,580.0,2443.0,1442509.9,28.0,4377058290.0,591.0
17/07/2025,HPS,HPS,585.0,590.0,594.0,585.0,540.0,317827.5,22.0,4369652100.0,590.0
16/07/2025,HPS,HPS,595.0,590.0,595.0,578.0,7032.0,4143666.4,28.0,4369652100.0,590.0
15/07/2025,HPS,HPS,607.0,592.0,607.0,591.0,3141.0,1879769.5,27.0,4384464480.0,592.0
14/07/2025,HPS,HPS,605.0,602.0,607.0,602.0,924.0,557835.0,27.0,4458526380.0,602.0
11/07/2025,HPS,HPS,591.5,605.0,605.0,591.5,8570.0,5159113.6,64.0,4480744950.0,605.0
10/07/2025,HPS,HPS,607.0,593.0,607.0,591.5,430.0,255535.3,25.0,4391870670.0,593.0
09/07/2025,HPS,HPS,600.0,608.0,608.0,590.0,3153.0,1899030.4,50.0,4502963520.0,608.0
08/07/2025,HPS,HPS,600.0,600.0,603.0,585.0,2071.0,1235987.6,32.0,4443714000.0,600.0
07/07/2025,HPS,HPS,603.0,603.0,604.0,598.0,3262.0,1963688.0,69.0,4465932570.0,603.0
04/07/2025,HPS,HPS,580.0,600.0,600.0,577.0,15222.0,9096291.9,102.0,4443714000.0,600.0
03/07/2025,HPS,HPS,576.0,589.5,589.5,576.0,3798.0,2228709.3,46.0,4365949005.0,589.5
02/07/2025,HPS,HPS,578.0,583.9,584.7,575.0,3717.0,2158530.4,81.0,4324474341.0,583.9
01/07/2025,HPS,HPS,580.0,580.0,581.0,570.0,3075.0,1779745.6,42.0,4295590200.0,580.0
30/06/2025,HPS,HPS,580.0,580.0,589.0,570.0,9555.0,5573018.7,71.0,4295590200.0,580.0
26/06/2025,HPS,HPS,580.0,585.0,589.9,580.0,3333.0,1945419.8,27.0,4332621150.0,585.0
25/06/2025,HPS,HPS,574.9,585.0,593.9,574.0,24519.0,14213407.1,109.0,4332621150.0,585.0
24/06/2025,HPS,HPS,567.7,572.0,575.0,560.0,16292.0,9271390.7,69.0,4236340680.0,572.0
23/06/2025,HPS,HPS,553.0,550.0,553.0,545.1,1607.0,879770.1,51.0,4073404500.0,550.0
20/06/2025,HPS,HPS,550.0,553.1,562.9,550.0,724.0,400556.6,24.0,4096363689.0,553.1
19/06/2025,HPS,HPS,552.2,550.0,563.9,543.2,4558.0,2506855.5,89.0,4073404500.0,550.0
18/06/2025,HPS,HPS,568.0,560.0,575.0,555.0,17233.0,9618423.4,62.0,4147466400.0,560.0
17/06/2025,HPS,HPS,556.0,568.0,572.0,556.0,2297.0,1299054.6,44.0,4206715920.0,568.0
16/06/2025,HPS,HPS,565.0,559.9,565.0,550.0,10891.0,5998172.0,56.0,4146725781.0,559.9
13/06/2025,HPS,HPS,566.5,565.0,575.0,550.1,4328.0,2435202.1,98.0,4184497350.0,565.0
12/06/2025,HPS,HPS,585.0,580.0,585.0,566.0,4394.0,2538198.7,77.0,4295590200.0,580.0
11/06/2025,HPS,HPS,582.0,579.9,585.0,579.9,1032.0,600715.0,54.0,4294849581.0,579.9
10/06/2025,HPS,HPS,571.0,580.0,585.0,570.0,4332.0,2507564.9,71.0,4295590200.0,580.0
06/06/2025,HPS,HPS,568.0,571.0,580.0,568.0,34135.0,19474423.5,95.0,4228934490.0,571.0
05/06/2025,HPS,HPS,559.0,568.0,568.0,555.0,14173.0,7936346.1,95.0,4206715920.0,568.0
04/06/2025,HPS,HPS,567.9,559.0,567.9,551.0,9456.0,5240511.6,73.0,4140060210.0,559.0
03/06/2025,HPS,HPS,561.2,550.0,568.0,550.0,9579.0,5278296.9,88.0,4073404500.0,550.0
02/06/2025,HPS,HPS,570.0,566.0,570.0,553.1,619.0,350207.2,37.0,4191903540.0,566.0
30/05/2025,HPS,HPS,560.0,550.0,560.0,550.0,52763.0,29022079.0,121.0,4073404500.0,550.0
29/05/2025,HPS,HPS,568.0,550.0,576.0,550.0,17211.0,9677397.0,129.0,4073404500.0,550.0
28/05/2025,HPS,HPS,560.0,564.0,575.0,558.9,13195.0,7458456.7,139.0,4177091160.0,564.0
27/05/2025,HPS,HPS,550.0,549.0,550.0,540.0,4878.0,2672663.6,72.0,4065998310.0,549.0
26/05/2025,HPS,HPS,541.0,549.5,550.0,541.0,354.0,192532.9,41.0,4069701405.0,549.5
23/05/2025,HPS,HPS,555.0,550.0,565.0,545.0,7757.0,4266346.5,92.0,4073404500.0,550.0
22/05/2025,HPS,HPS,546.0,550.0,555.0,545.0,1028.0,564823.3,44.0,4073404500.0,550.0
21/05/2025,HPS,HPS,550.0,540.0,560.0,540.0,6264.0,3415252.6,150.0,3999342600.0,540.0
20/05/2025,HPS,HPS,550.2,550.0,563.0,546.0,4649.0,2557767.5,129.0,4073404500.0,550.0
19/05/2025,HPS,HPS,553.5,556.1,567.5,551.0,1026.0,569482.4,54.0,4118582259.0,556.1
16/05/2025,HPS,HPS,574.8,560.0,574.8,560.0,3123.0,1768500.0,60.0,4147466400.0,560.0
15/05/2025,HPS,HPS,575.5,567.0,580.0,567.0,6126.0,3508924.2,61.0,4199309730.0,567.0
14/05/2025,HPS,HPS,579.0,570.0,580.0,567.0,36948.0,21089270.9,137.0,4221528300.0,570.0
13/05/2025,HPS,HPS,567.0,569.5,580.0,566.0,42125.0,23996930.8,222.0,4217825205.0,569.5
12/05/2025,HPS,HPS,570.0,567.9,570.0,565.0,2651.0,1506774.6,69.0,4205975301.0,567.9
09/05/2025,HPS,HPS,565.0,567.0,570.0,561.1,1013.0,575289.5,37.0,4199309730.0,567.0
08/05/2025,HPS,HPS,570.0,567.0,570.0,567.0,453.0,257965.8,35.0,4199309730.0,567.0
07/05/2025,HPS,HPS,570.0,569.9,570.0,568.0,350.0,199445.2,33.0,4220787681.0,569.9
06/05/2025,HPS,HPS,575.0,570.0,575.0,570.0,12436.0,7089187.0,40.0,4221528300.0,570.0
05/05/2025,HPS,HPS,572.0,570.0,575.0,570.0,1096.0,625778.0,42.0,4221528300.0,570.0
02/05/2025,HPS,HPS,580.0,570.0,580.0,570.0,3055.0,1745393.6,51.0,4221528300.0,570.0
30/04/2025,HPS,HPS,565.0,569.0,582.0,565.0,81894.0,46324181.0,105.0,4214122110.0,569.0
29/04/2025,HPS,HPS,572.0,560.0,579.0,550.0,2217.0,1243113.7,83.0,4147466400.0,560.0
28/04/2025,HPS,HPS,571.0,580.0,591.9,570.0,279.0,159493.6,26.0,4295590200.0,580.0
25/04/2025,HPS,HPS,571.1,570.0,578.0,570.0,1726.0,989494.5,43.0,4221528300.0,570.0
24/04/2025,HPS,HPS,588.8,574.5,588.8,574.5,1474.0,848449.0,28.0,4254856155.0,574.5
23/04/2025,HPS,HPS,575.0,565.0,590.0,565.0,6225.0,3518261.0,65.0,4184497350.0,565.0
22/04/2025,HPS,HPS,592.0,569.9,598.5,569.9,23934.0,13968939.5,63.0,4220787681.0,569.9
21/04/2025,HPS,HPS,599.0,595.0,599.0,595.0,108.0,64335.6,10.0,4406683050.0,595.0
18/04/2025,HPS,HPS,594.9,585.0,595.0,585.0,4955.0,2910440.3,48.0,4332621150.0,585.0
17/04/2025,HPS,HPS,590.0,589.0,590.0,585.0,486.0,286074.0,23.0,4362245910.0,589.0
16/04/2025,HPS,HPS,589.9,595.0,600.1,588.0,4627.0,2752038.4,45.0,4406683050.0,595.0
15/04/2025,HPS,HPS,576.0,587.0,590.0,575.0,3974.0,2308765.5,50.0,4347433530.0,587.0
14/04/2025,HPS,HPS,570.0,586.9,588.7,570.0,2591.0,1500793.8,33.0,4346692911.0,586.9
11/04/2025,HPS,HPS,589.9,570.0,589.9,555.0,1119.0,632364.9,26.0,4221528300.0,570.0
10/04/2025,HPS,HPS,561.0,569.0,580.0,561.0,6537.0,3773206.2,87.0,4214122110.0,569.0
09/04/2025,HPS,HPS,565.0,548.9,579.0,535.0,1680.0,926347.3,76.0,4065257691.0,548.9
08/04/2025,HPS,HPS,563.0,565.0,581.0,550.0,4609.0,2576471.2,84.0,4184497350.0,565.0
07/04/2025,HPS,HPS,575.0,561.0,584.0,561.0,5853.0,3325105.0,150.0,4154872590.0,561.0
04/04/2025,HPS,HPS,595.0,595.0,608.0,585.0,4079.0,2418111.6,65.0,4406683050.0,595.0
03/04/2025,HPS,HPS,600.0,599.0,610.0,585.0,3899.0,2331970.7,119.0,4436307810.0,599.0
02/04/2025,HPS,HPS,611.0,615.0,620.0,600.0,8407.0,5107147.7,114.0,4554806850.0,615.0
28/03/2025,HPS,HPS,606.0,620.0,624.0,602.5,14897.0,9140536.5,60.0,4591837800.0,620.0
27/03/2025,HPS,HPS,605.2,625.0,625.0,600.0,4757.0,2914138.2,94.0,4628868750.0,625.0
26/03/2025,HPS,HPS,615.6,606.1,619.0,605.0,16676.0,10113240.9,82.0,4488891759.0,606.1
25/03/2025,HPS,HPS,617.0,617.0,619.5,616.5,301.0,185834.6,23.0,4569619230.0,617.0
24/03/2025,HPS,HPS,616.0,617.0,620.0,612.0,2446.0,1508345.6,43.0,4569619230.0,617.0
21/03/2025,HPS,HPS,624.5,615.0,624.5,613.0,35415.0,21862874.9,112.0,4554806850.0,615.0
20/03/2025,HPS,HPS,624.0,616.1,624.0,614.1,1884.0,1167138.7,21.0,4562953659.0,616.1
19/03/2025,HPS,HPS,625.0,624.4,625.0,614.0,642.0,400324.4,19.0,4624425036.0,624.4
18/03/2025,HPS,HPS,620.0,613.0,620.0,610.1,296.0,182596.7,23.0,4539994470.0,613.0
17/03/2025,HPS,HPS,625.0,618.0,625.0,618.0,641.0,397445.0,11.0,4577025420.0,618.0
14/03/2025,HPS,HPS,605.0,625.0,625.0,605.0,10468.0,6533817.9,45.0,4628868750.0,625.0
13/03/2025,HPS,HPS,608.9,608.1,609.0,605.0,1206.0,733102.6,19.0,4503704139.0,608.1
12/03/2025,HPS,HPS,606.0,609.9,614.0,605.1,3799.0,2304752.2,55.0,4517035281.0,609.9
11/03/2025,HPS,HPS,606.0,606.2,619.6,606.0,11459.0,6946860.2,53.0,4489632378.0,606.2
10/03/2025,HPS,HPS,620.0,619.9,620.0,606.0,630.0,390320.0,15.0,4591097181.0,619.9
07/03/2025,HPS,HPS,620.0,600.0,629.0,600.0,20571.0,12355817.0,104.0,4443714000.0,600.0
06/03/2025,HPS,HPS,629.9,625.0,629.9,614.0,53.0,32828.9,10.0,4628868750.0,625.0
05/03/2025,HPS,HPS,630.0,620.0,634.0,620.0,724.0,456512.0,22.0,4591837800.0,620.0
04/03/2025,HPS,HPS,635.0,620.0,635.0,620.0,957.0,598509.0,15.0,4591837800.0,620.0
03/03/2025,HPS,HPS,634.5,624.0,634.5,624.0,1570.0,981350.0,19.0,4621462560.0,624.0
28/02/2025,HPS,HPS,603.0,634.8,640.0,603.0,9592.0,6014088.9,70.0,4701449412.0,634.8
27/02/2025,HPS,HPS,640.0,625.0,640.0,625.0,1443.0,911867.6,30.0,4628868750.0,625.0
26/02/2025,HPS,HPS,648.0,640.0,648.0,636.0,6167.0,3931224.5,24.0,4739961600.0,640.0
25/02/2025,HPS,HPS,633.9,648.0,648.0,625.0,4425.0,2829952.4,51.0,4799211120.0,648.0
24/02/2025,HPS,HPS,621.0,625.0,639.0,620.0,1734.0,1083613.7,52.0,4628868750.0,625.0
21/02/2025,HPS,HPS,638.0,601.0,668.0,601.0,17283.0,10667193.2,136.0,4451120190.0,601.0
20/02/2025,HPS,HPS,650.1,645.0,650.1,638.0,6959.0,4473965.9,131.0,4776992550.0,645.0
19/02/2025,HPS,HPS,654.9,654.9,655.0,645.7,2369.0,1540341.4,69.0,4850313831.0,654.9
18/02/2025,HPS,HPS,650.0,648.5,650.0,648.0,3416.0,2218657.0,62.0,4802914215.0,648.5
17/02/2025,HPS,HPS,655.0,650.0,655.0,647.1,4425.0,2873586.2,56.0,4814023500.0,650.0
14/02/2025,HPS,HPS,652.1,650.0,656.9,647.3,7979.0,5188500.4,65.0,4814023500.0,650.0
13/02/2025,HPS,HPS,657.1,656.8,660.0,650.0,7030.0,4577579.0,37.0,4864385592.0,656.8
12/02/2025,HPS,HPS,640.1,657.0,660.0,640.1,1283.0,830079.0,42.0,4865866830.0,657.0
11/02/2025,HPS,HPS,656.0,650.1,670.0,650.1,3088.0,2023829.3,81.0,4814764119.0,650.1
10/02/2025,HPS,HPS,674.0,657.0,674.0,657.0,10600.0,7027382.0,64.0,4865866830.0,657.0
07/02/2025,HPS,HPS,677.0,663.0,677.0,660.0,8888.0,5899606.8,43.0,4910303970.0,663.0
06/02/2025,HPS,HPS,656.1,666.0,666.0,656.0,3762.0,2479580.5,36.0,4932522540.0,666.0
05/02/2025,HPS,HPS,660.0,655.5,669.9,655.0,5289.0,3468545.5,57.0,4854757545.0,655.5
04/02/2025,HPS,HPS,678.0,655.0,678.0,655.0,8747.0,5765185.7,75.0,4851054450.0,655.0
03/02/2025,HPS,HPS,683.0,660.0,683.0,660.0,6248.0,4136921.5,66.0,4888085400.0,660.0
31/01/2025,HPS,HPS,695.0,679.0,695.0,679.0,963.0,659462.7,51.0,5028803010.0,679.0
30/01/2025,HPS,HPS,675.0,691.0,695.0,674.0,15905.0,10813954.8,99.0,5117677290.0,691.0
29/01/2025,HPS,HPS,662.0,674.0,680.0,662.0,5813.0,3884007.9,50.0,4991772060.0,674.0
28/01/2025,HPS,HPS,660.0,660.0,660.0,650.5,906.0,590874.5,43.0,4888085400.0,660.0
27/01/2025,HPS,HPS,655.0,659.0,668.0,655.0,1211.0,796832.8,48.0,4880679210.0,659.0
24/01/2025,HPS,HPS,672.0,668.0,674.7,664.0,3755.0,2508510.7,23.0,4947334920.0,668.0
23/01/2025,HPS,HPS,665.0,664.0,670.0,655.0,31748.0,21070592.5,62.0,4917710160.0,664.0
22/01/2025,HPS,HPS,678.9,665.0,678.9,660.0,8969.0,5978028.0,74.0,4925116350.0,665.0
21/01/2025,HPS,HPS,680.0,666.0,680.0,661.0,14982.0,10152014.8,171.0,4932522540.0,666.0
20/01/2025,HPS,HPS,672.0,671.0,688.0,670.0,8298.0,5606678.6,105.0,4969553490.0,671.0
17/01/2025,HPS,HPS,674.1,670.0,678.0,670.0,5935.0,3995098.6,66.0,4962147300.0,670.0
16/01/2025,HPS,HPS,688.8,675.0,688.8,673.5,34710.0,23445811.2,114.0,4999178250.0,675.0
15/01/2025,HPS,HPS,680.0,679.0,685.0,679.0,3455.0,2349743.8,32.0,5028803010.0,679.0
13/01/2025,HPS,HPS,679.7,677.9,688.9,670.5,1984.0,1351021.7,37.0,5020656201.0,677.9
10/01/2025,HPS,HPS,688.9,679.7,688.9,670.0,40497.0,27331984.8,84.0,5033987343.0,679.7
09/01/2025,HPS,HPS,650.0,666.2,701.0,640.0,185191.0,122706155.0,305.0,4934003778.0,666.2
08/01/2025,HPS,HPS,642.0,640.0,648.0,637.0,15907.0,10190801.4,84.0,4739961600.0,640.0
07/01/2025,HPS,HPS,644.0,643.0,645.0,631.1,16724.0,10778191.3,45.0,4762180170.0,643.0
06/01/2025,HPS,HPS,630.1,639.9,650.0,630.1,63133.0,40754434.3,108.0,4739220981.0,639.9
03/01/2025,HPS,HPS,630.0,630.1,655.0,630.0,70062.0,45360382.3,172.0,4666640319.0,630.1
02/01/2025,HPS,HPS,611.0,630.0,639.0,611.0,34308.0,21502292.8,128.0,4665899700.0,630.0
31/12/2024,HPS,HPS,575.0,607.0,624.0,575.0,79670.0,47941562.9,313.0,4495557330.0,607.0
30/12/2024,HPS,HPS,575.0,580.0,580.0,565.2,18419.0,10614252.0,58.0,4295590200.0,580.0
27/12/2024,HPS,HPS,574.9,575.0,578.0,562.0,91309.0,52425579.5,54.0,4258559250.0,575.0
26/12/2024,HPS,HPS,556.1,575.0,575.0,556.1,38793.0,22171306.6,58.0,4258559250.0,575.0
25/12/2024,HPS,HPS,560.0,565.8,568.0,550.0,464.0,258237.5,29.0,4190422302.0,565.8
24/12/2024,HPS,HPS,573.0,560.0,573.0,560.0,903.0,507500.4,29.0,4147466400.0,560.0
23/12/2024,HPS,HPS,562.0,573.0,573.0,562.0,14418.0,8214701.0,34.0,4243746870.0,573.0
20/12/2024,HPS,HPS,570.0,570.0,572.0,568.0,14063.0,8013679.8,55.0,4221528300.0,570.0
19/12/2024,HPS,HPS,570.0,569.0,579.0,567.0,8395.0,4789846.3,79.0,4214122110.0,569.0
18/12/2024,HPS,HPS,557.5,565.0,565.0,557.5,3429.0,1924598.2,21.0,4184497350.0,565.0
17/12/2024,HPS,HPS,550.0,558.0,558.0,550.0,2580.0,1425449.5,31.0,4132654020.0,558.0
16/12/2024,HPS,HPS,550.0,550.0,557.9,550.0,6772.0,3725112.4,21.0,4073404500.0,550.0
13/12/2024,HPS,HPS,557.0,557.0,557.0,555.0,853.0,474893.0,23.0,4125247830.0,557.0
12/12/2024,HPS,HPS,555.0,557.0,557.0,551.5,18715.0,10332064.5,27.0,4125247830.0,557.0
11/12/2024,HPS,HPS,549.5,550.2,555.0,549.5,1475.0,811361.3,14.0,4074885738.0,550.2
10/12/2024,HPS,HPS,555.0,545.0,555.0,545.0,569.0,310580.0,11.0,4036373550.0,545.0
09/12/2024,HPS,HPS,544.0,550.0,550.0,544.0,1625.0,889095.2,17.0,4073404500.0,550.0
06/12/2024,HPS,HPS,540.0,545.5,545.5,537.0,20207.0,10935908.0,60.0,4040076645.0,545.5
05/12/2024,HPS,HPS,549.9,540.0,549.9,535.0,1690.0,909986.5,60.0,3999342600.0,540.0
04/12/2024,HPS,HPS,550.0,547.0,550.0,542.0,52.0,28439.4,9.0,4051185930.0,547.0
03/12/2024,HPS,HPS,558.0,542.1,558.0,542.1,824.0,449039.2,19.0,4014895599.0,542.1
02/12/2024,HPS,HPS,552.0,550.0,552.0,540.0,3189.0,1741986.5,57.0,4073404500.0,550.0
29/11/2024,HPS,HPS,562.0,550.0,563.6,540.0,2195.0,1203141.3,49.0,4073404500.0,550.0
28/11/2024,HPS,HPS,560.0,545.0,563.5,545.0,811.0,446895.0,42.0,4036373550.0,545.0
27/11/2024,HPS,HPS,553.0,550.0,563.4,550.0,1574.0,868649.7,40.0,4073404500.0,550.0
26/11/2024,HPS,HPS,560.0,562.0,563.9,550.0,712.0,398472.8,20.0,4162278780.0,562.0
25/11/2024,HPS,HPS,565.0,561.0,565.0,561.0,489.0,274589.5,13.0,4154872590.0,561.0
22/11/2024,HPS,HPS,560.1,565.0,568.9,560.1,467.0,263916.3,19.0,4184497350.0,565.0
21/11/2024,HPS,HPS,570.0,567.5,570.0,564.0,5711.0,3240870.8,14.0,4203012825.0,567.5
20/11/2024,HPS,HPS,569.0,567.5,570.0,565.2,998.0,567889.8,17.0,4203012825.0,567.5
19/11/2024,HPS,HPS,565.0,566.1,570.0,565.0,903.0,511619.6,24.0,4192644159.0,566.1
15/11/2024,HPS,HPS,570.0,570.1,573.7,560.0,17008.0,9688583.2,49.0,4222268919.0,570.1
14/11/2024,HPS,HPS,575.0,570.0,575.0,570.0,6918.0,3944468.0,29.0,4221528300.0,570.0
13/11/2024,HPS,HPS,570.0,570.0,576.0,570.0,1015.0,578579.0,21.0,4221528300.0,570.0
12/11/2024,HPS,HPS,577.8,575.0,577.8,570.0,11829.0,6801215.8,27.0,4258559250.0,575.0
11/11/2024,HPS,HPS,570.1,575.0,579.9,570.0,1413.0,811150.6,26.0,4258559250.0,575.0
08/11/2024,HPS,HPS,574.0,580.0,580.0,566.0,12937.0,7379976.4,57.0,4295590200.0,580.0
07/11/2024,HPS,HPS,573.0,560.0,573.0,560.0,1049.0,588224.0,31.0,4147466400.0,560.0
05/11/2024,HPS,HPS,566.7,569.6,574.0,564.0,2636.0,1498355.6,48.0,4218565824.0,569.6
04/11/2024,HPS,HPS,566.5,566.5,567.1,566.5,479.0,271413.5,24.0,4195606635.0,566.5
01/11/2024,HPS,HPS,566.0,570.0,570.0,566.0,8455.0,4790037.5,16.0,4221528300.0,570.0
31/10/2024,HPS,HPS,566.5,566.5,570.0,566.0,38334.0,21716937.6,27.0,4195606635.0,566.5
30/10/2024,HPS,HPS,571.9,566.5,571.9,566.2,3481.0,1972056.6,15.0,4195606635.0,566.5
29/10/2024,HPS,HPS,570.1,566.0,574.7,565.1,20930.0,11920683.4,56.0,4191903540.0,566.0
28/10/2024,HPS,HPS,572.0,570.0,572.0,570.0,11999.0,6840768.6,29.0,4221528300.0,570.0
25/10/2024,HPS,HPS,577.0,571.0,577.0,570.0,533.0,306301.0,18.0,4228934490.0,571.0
24/10/2024,HPS,HPS,578.0,578.4,578.4,577.0,85.0,49137.0,7.0,4283740296.0,578.4
23/10/2024,HPS,HPS,577.5,579.0,579.0,570.1,179.0,103064.6,11.0,4288184010.0,579.0
22/10/2024,HPS,HPS,576.0,579.0,582.0,570.0,1038.0,597193.7,24.0,4288184010.0,579.0
21/10/2024,HPS,HPS,570.0,575.0,582.0,570.0,185.0,106438.5,14.0,4258559250.0,575.0
18/10/2024,HPS,HPS,585.0,585.0,585.0,583.1,2021.0,1182266.6,11.0,4332621150.0,585.0
17/10/2024,HPS,HPS,575.0,585.0,585.0,575.0,15698.0,9177623.7,44.0,4332621150.0,585.0
16/10/2024,HPS,HPS,579.9,575.0,579.9,570.0,3957.0,2263102.9,32.0,4258559250.0,575.0
15/10/2024,HPS,HPS,572.0,572.0,572.0,565.0,4696.0,2675479.6,39.0,4236340680.0,572.0
14/10/2024,HPS,HPS,580.0,572.0,585.0,572.0,3452.0,2014769.0,31.0,4236340680.0,572.0
11/10/2024,HPS,HPS,577.0,576.1,583.5,576.0,828.0,477276.9,20.0,4266706059.0,576.1
10/10/2024,HPS,HPS,583.0,583.0,583.0,577.0,5495.0,3200556.4,31.0,4317808770.0,583.0
09/10/2024,HPS,HPS,583.0,575.2,585.0,575.0,11302.0,6586587.0,22.0,4260040488.0,575.2
08/10/2024,HPS,HPS,570.0,583.0,583.0,570.0,8926.0,5172551.0,28.0,4317808770.0,583.0
07/10/2024,HPS,HPS,594.7,590.0,594.7,575.0,4701.0,2774235.8,67.0,4369652100.0,590.0
04/10/2024,HPS,HPS,572.0,590.0,593.0,572.0,8287.0,4848844.7,116.0,4369652100.0,590.0
03/10/2024,HPS,HPS,560.0,575.0,579.0,560.0,27831.0,15826209.6,46.0,4258559250.0,575.0
02/10/2024,HPS,HPS,575.0,565.0,575.0,550.0,37882.0,21392725.6,68.0,4184497350.0,565.0
01/10/2024,HPS,HPS,550.0,560.0,570.0,535.1,11937.0,6635140.6,112.0,4147466400.0,560.0
30/09/2024,HPS,HPS,565.0,546.1,565.1,545.5,15980.0,8866230.2,199.0,4044520359.0,546.1
27/09/2024,HPS,HPS,573.0,585.0,585.0,560.0,13056.0,7448766.4,116.0,4332621150.0,585.0
26/09/2024,HPS,HPS,576.0,577.0,579.0,569.0,11813.0,6833441.2,42.0,4273371630.0,577.0
25/09/2024,HPS,HPS,570.1,579.0,579.0,569.0,20500.0,11829110.7,60.0,4288184010.0,579.0
24/09/2024,HPS,HPS,579.0,576.0,579.0,570.0,1259.0,723657.8,52.0,4265965440.0,576.0
23/09/2024,HPS,HPS,571.1,576.0,577.0,571.1,213.0,122244.6,16.0,4265965440.0,576.0
20/09/2024,HPS,HPS,575.0,573.1,583.0,573.1,37410.0,21615781.5,62.0,4244487489.0,573.1
19/09/2024,HPS,HPS,578.0,571.0,578.0,571.0,2798.0,1604399.1,86.0,4228934490.0,571.0
18/09/2024,HPS,HPS,580.0,574.0,580.0,574.0,1416.0,814068.7,42.0,4251153060.0,574.0
13/09/2024,HPS,HPS,577.0,579.0,579.0,576.0,3712.0,2148703.0,25.0,4288184010.0,579.0
12/09/2024,HPS,HPS,578.2,577.1,580.0,576.0,1799.0,1039889.1,36.0,4274112249.0,577.1
11/09/2024,HPS,HPS,582.0,580.0,582.0,576.1,343.0,198804.2,15.0,4295590200.0,580.0
10/09/2024,HPS,HPS,585.0,581.0,585.0,579.0,678.0,393706.5,38.0,4302996390.0,581.0
09/09/2024,HPS,HPS,580.0,582.0,584.5,576.1,9232.0,5367393.7,62.0,4310402580.0,582.0
06/09/2024,HPS,HPS,580.0,579.0,584.9,579.0,2693.0,1561238.8,57.0,4288184010.0,579.0
05/09/2024,HPS,HPS,585.0,580.0,585.0,575.0,6947.0,4024454.4,75.0,4295590200.0,580.0
04/09/2024,HPS,HPS,586.0,580.0,586.0,579.0,2418.0,1408817.0,43.0,4295590200.0,580.0
03/09/2024,HPS,HPS,580.2,585.0,588.0,568.0,15650.0,9127556.6,84.0,4332621150.0,585.0
02/09/2024,HPS,HPS,578.5,580.1,590.0,573.0,15248.0,8868820.0,137.0,4296330819.0,580.1
30/08/2024,HPS,HPS,575.0,571.1,578.8,565.0,8246.0,4699289.8,116.0,4229675109.0,571.1
29/08/2024,HPS,HPS,590.0,585.0,609.0,580.0,40139.0,23808479.7,234.0,4332621150.0,585.0
28/08/2024,HPS,HPS,572.0,580.0,588.0,562.2,60958.0,35307953.5,225.0,4295590200.0,580.0
27/08/2024,HPS,HPS,535.0,561.0,578.9,534.0,24790.0,13788311.4,275.0,4154872590.0,561.0
26/08/2024,HPS,HPS,535.5,530.0,535.5,530.0,2578.0,1367851.1,26.0,3925280700.0,530.0
23/08/2024,HPS,HPS,537.0,531.0,541.0,531.0,1610.0,861699.4,58.0,3932686890.0,531.0
22/08/2024,HPS,HPS,530.0,536.0,537.0,529.5,11381.0,6035994.0,53.0,3969717840.0,536.0
19/08/2024,HPS,HPS,535.0,530.0,539.0,529.0,1148.0,609643.9,29.0,3925280700.0,530.0
16/08/2024,HPS,HPS,530.0,535.0,535.0,530.0,12180.0,6462055.2,36.0,3962311650.0,535.0
15/08/2024,HPS,HPS,528.9,530.0,530.0,520.0,43652.0,23131955.5,39.0,3925280700.0,530.0
13/08/2024,HPS,HPS,517.1,529.9,534.0,517.1,335.0,177282.0,18.0,3924540081.0,529.9
12/08/2024,HPS,HPS,519.0,525.0,526.0,515.0,1037.0,542793.0,28.0,3888249750.0,525.0
09/08/2024,HPS,HPS,518.0,519.0,522.0,517.0,2725.0,1413790.4,17.0,3843812610.0,519.0
08/08/2024,HPS,HPS,515.2,518.0,519.5,513.0,92.0,47374.5,7.0,3836406420.0,518.0
07/08/2024,HPS,HPS,525.0,520.0,525.0,520.0,139.0,72316.8,7.0,3851218800.0,520.0
06/08/2024,HPS,HPS,503.5,510.5,517.0,503.5,554.0,281493.6,25.0,3780859995.0,510.5
05/08/2024,HPS,HPS,516.1,505.1,519.0,503.0,2636.0,1335363.6,96.0,3740866569.0,505.1
02/08/2024,HPS,HPS,528.9,516.0,528.9,516.0,6259.0,3233105.0,58.0,3821594040.0,516.0
01/08/2024,HPS,HPS,518.0,520.0,529.8,518.0,4696.0,2442224.8,29.0,3851218800.0,520.0
31/07/2024,HPS,HPS,527.0,519.0,538.9,519.0,6211.0,3240904.3,104.0,3843812610.0,519.0
29/07/2024,HPS,HPS,528.0,527.0,532.0,522.5,7285.0,3840155.0,51.0,3903062130.0,527.0
26/07/2024,HPS,HPS,526.0,521.0,534.9,521.0,8434.0,4403923.3,87.0,3858624990.0,521.0
25/07/2024,HPS,HPS,531.0,525.0,541.0,525.0,19519.0,10340336.9,113.0,3888249750.0,525.0
24/07/2024,HPS,HPS,525.0,529.9,550.0,521.0,84472.0,45371111.3,245.0,3924540081.0,529.9
23/07/2024,HPS,HPS,518.0,520.0,522.0,509.0,22502.0,11590324.3,56.0,3851218800.0,520.0
22/07/2024,HPS,HPS,510.0,508.0,519.9,505.0,32299.0,16395232.1,77.0,3762344520.0,508.0
19/07/2024,HPS,HPS,513.0,500.1,515.0,500.1,8260.0,4165181.9,82.0,3703835619.0,500.1
18/07/2024,HPS,HPS,520.0,514.0,520.0,514.0,800.0,412058.0,39.0,3806781660.0,514.0
17/07/2024,HPS,HPS,525.0,518.0,525.0,517.0,2401.0,1247726.5,67.0,3836406420.0,518.0
16/07/2024,HPS,HPS,524.6,525.0,534.0,520.0,3427.0,1804231.5,100.0,3888249750.0,525.0
15/07/2024,HPS,HPS,509.0,518.0,520.0,509.0,347.0,179538.9,15.0,3836406420.0,518.0
12/07/2024,HPS,HPS,514.0,502.0,520.0,502.0,7230.0,3640937.6,80.0,3717907380.0,502.0
11/07/2024,HPS,HPS,500.0,509.0,514.5,495.0,154498.0,77260741.5,94.0,3769750710.0,509.0
10/07/2024,HPS,HPS,492.0,498.95,499.8,492.0,23791.0,11870630.25,38.0,3695318500.5,498.95
09/07/2024,HPS,HPS,500.0,495.5,500.0,495.0,119.0,59018.5,14.0,3669767145.0,495.5
08/07/2024,HPS,HPS,500.0,500.0,500.0,498.0,1689.0,843986.2,28.0,3703095000.0,500.0
05/07/2024,HPS,HPS,500.1,498.0,501.0,498.0,3043.0,1521317.5,61.0,3688282620.0,498.0
04/07/2024,HPS,HPS,505.5,500.0,508.0,500.0,6139.0,3081546.5,58.0,3703095000.0,500.0
03/07/2024,HPS,HPS,518.0,510.0,518.0,500.0,2313.0,1181550.5,33.0,3777156900.0,510.0
02/07/2024,HPS,HPS,520.0,508.0,520.0,500.0,6959.0,3505258.1,112.0,3762344520.0,508.0
01/07/2024,HPS,HPS,521.1,519.0,523.0,515.0,251.0,129994.6,29.0,3843812610.0,519.0
28/06/2024,HPS,HPS,528.8,520.0,529.0,520.0,1867.0,974635.4,41.0,3851218800.0,520.0
27/06/2024,HPS,HPS,525.0,525.0,528.8,520.0,282.0,147663.6,25.0,3888249750.0,525.0
26/06/2024,HPS,HPS,526.0,525.0,530.0,523.3,54777.0,28705719.1,38.0,3888249750.0,525.0
25/06/2024,HPS,HPS,529.9,523.0,530.0,522.0,23991.0,12526428.5,38.0,3873437370.0,523.0
24/06/2024,HPS,HPS,531.0,521.0,531.0,521.0,571.0,298938.2,27.0,3858624990.0,521.0
21/06/2024,HPS,HPS,540.0,530.0,540.0,530.0,969.0,516170.0,32.0,3925280700.0,530.0
20/06/2024,HPS,HPS,537.0,535.0,540.0,535.0,898.0,480559.3,20.0,3962311650.0,535.0
19/06/2024,HPS,HPS,543.0,535.2,543.0,535.2,568.0,305301.3,29.0,3963792888.0,535.2
14/06/2024,HPS,HPS,540.0,539.0,549.5,535.1,500.0,270363.6,18.0,3991936410.0,539.0
13/06/2024,HPS,HPS,540.0,547.0,547.0,539.5,5110.0,2758201.0,18.0,4051185930.0,547.0
12/06/2024,HPS,HPS,540.0,539.0,540.0,536.0,1217.0,656812.5,26.0,3991936410.0,539.0
11/06/2024,HPS,HPS,538.2,540.1,540.1,538.0,639.0,344888.7,17.0,4000083219.0,540.1
10/06/2024,HPS,HPS,558.9,535.0,558.9,535.0,4923.0,2698512.2,51.0,3962311650.0,535.0
07/06/2024,HPS,HPS,570.0,557.0,570.0,550.5,1505.0,849967.0,33.0,4125247830.0,557.0
06/06/2024,HPS,HPS,531.0,545.0,548.0,531.0,10908.0,5944698.0,43.0,4036373550.0,545.0
05/06/2024,HPS,HPS,558.0,530.0,558.0,530.0,5197.0,2770829.0,81.0,3925280700.0,530.0
04/06/2024,HPS,HPS,555.0,553.0,555.0,553.0,265.0,146573.0,9.0,4095623070.0,553.0
03/06/2024,HPS,HPS,559.0,550.0,559.0,550.0,445.0,245090.4,13.0,4073404500.0,550.0
31/05/2024,HPS,HPS,566.8,550.0,566.8,540.0,8228.0,4527881.5,50.0,4073404500.0,550.0
30/05/2024,HPS,HPS,565.0,565.0,565.0,555.0,214.0,120766.0,10.0,4184497350.0,565.0
29/05/2024,HPS,HPS,564.0,566.9,566.9,550.0,903.0,502789.1,18.0,4198569111.0,566.9
28/05/2024,HPS,HPS,565.0,565.0,565.0,563.0,24.0,13540.0,5.0,4184497350.0,565.0
27/05/2024,HPS,HPS,565.0,565.0,565.0,562.0,1291.0,726410.0,10.0,4184497350.0,565.0
24/05/2024,HPS,HPS,560.0,560.0,560.0,543.3,478.0,266540.9,17.0,4147466400.0,560.0
23/05/2024,HPS,HPS,560.0,559.0,560.0,545.0,4972.0,2713254.4,17.0,4140060210.0,559.0
22/05/2024,HPS,HPS,555.0,530.0,560.0,530.0,3132.0,1663340.4,73.0,3925280700.0,530.0
21/05/2024,HPS,HPS,559.9,555.0,560.0,550.0,536.0,299749.2,14.0,4110435450.0,555.0
20/05/2024,HPS,HPS,557.9,557.9,557.9,557.9,50.0,27895.0,2.0,4131913401.0,557.9
17/05/2024,HPS,HPS,550.0,555.0,555.0,550.0,1191.0,660760.0,12.0,4110435450.0,555.0
16/05/2024,HPS,HPS,550.0,550.0,550.0,550.0,2222.0,1222100.0,14.0,4073404500.0,550.0
15/05/2024,HPS,HPS,560.5,555.0,560.5,555.0,1349.0,754890.0,14.0,4110435450.0,555.0
14/05/2024,HPS,HPS,560.0,560.5,569.9,560.0,239.0,134506.3,16.0,4151169495.0,560.5
13/05/2024,HPS,HPS,558.5,560.0,560.0,551.0,179.0,99145.5,8.0,4147466400.0,560.0
10/05/2024,HPS,HPS,559.8,559.0,559.8,548.0,2329.0,1297882.8,18.0,4140060210.0,559.0
09/05/2024,HPS,HPS,559.9,547.5,559.9,547.5,2032.0,1114096.9,43.0,4054889025.0,547.5
08/05/2024,HPS,HPS,559.0,550.0,559.0,550.0,972.0,535508.6,25.0,4073404500.0,550.0
07/05/2024,HPS,HPS,559.0,551.1,560.0,550.0,146.0,80536.6,11.0,4081551309.0,551.1
06/05/2024,HPS,HPS,560.0,548.0,560.0,548.0,299.0,164624.0,31.0,4058592120.0,548.0
03/05/2024,HPS,HPS,558.9,559.0,559.0,550.0,2191.0,1223930.7,26.0,4140060210.0,559.0
02/05/2024,HPS,HPS,550.0,559.0,559.0,548.0,1583.0,869046.5,64.0,4140060210.0,559.0
30/04/2024,HPS,HPS,565.0,550.0,565.0,548.0,19186.0,10674363.3,74.0,4073404500.0,550.0
29/04/2024,HPS,HPS,579.0,557.0,579.0,557.0,40.0,22547.1,13.0,4125247830.0,557.0
26/04/2024,HPS,HPS,562.0,560.0,562.0,558.0,4343.0,2434784.8,40.0,4147466400.0,560.0
25/04/2024,HPS,HPS,562.0,562.0,562.0,558.1,1304.0,732685.1,19.0,4162278780.0,562.0
24/04/2024,HPS,HPS,562.0,562.0,562.0,560.0,1742.0,977153.9,46.0,4162278780.0,562.0
23/04/2024,HPS,HPS,562.1,562.0,565.0,561.2,3746.0,2105331.6,52.0,4162278780.0,562.0
22/04/2024,HPS,HPS,566.1,587.0,587.0,561.0,1201.0,692904.0,35.0,4347433530.0,587.0
19/04/2024,HPS,HPS,565.0,574.0,574.0,560.3,2415.0,1378028.5,24.0,4251153060.0,574.0
18/04/2024,HPS,HPS,567.0,560.0,567.0,560.0,2439.0,1378476.9,53.0,4147466400.0,560.0
17/04/2024,HPS,HPS,579.9,567.3,579.9,567.1,535.0,304643.3,21.0,4201531587.0,567.3
16/04/2024,HPS,HPS,570.0,567.1,576.0,566.2,1861.0,1060652.9,47.0,4200050349.0,567.1
15/04/2024,HPS,HPS,565.0,570.0,570.0,564.0,3488.0,1985534.5,36.0,4221528300.0,570.0
09/04/2024,HPS,HPS,576.0,565.0,576.0,565.0,2649.0,1499374.0,29.0,4184497350.0,565.0
08/04/2024,HPS,HPS,570.3,570.0,575.0,566.1,806.0,459505.5,24.0,4221528300.0,570.0
05/04/2024,HPS,HPS,570.0,580.0,580.0,570.0,1463.0,848410.0,11.0,4295590200.0,580.0
04/04/2024,HPS,HPS,577.0,577.0,577.0,570.0,10015.0,5771828.1,18.0,4273371630.0,577.0
03/04/2024,HPS,HPS,575.0,577.0,577.0,560.0,1332.0,760379.5,51.0,4273371630.0,577.0
02/04/2024,HPS,HPS,575.0,575.1,575.1,575.0,33.0,18975.3,6.0,4259299869.0,575.1
01/04/2024,HPS,HPS,586.9,578.0,586.9,578.0,781.0,451987.4,14.0,4280777820.0,578.0
29/03/2024,HPS,HPS,578.0,580.0,580.0,575.0,9982.0,5788444.0,22.0,4295590200.0,580.0
28/03/2024,HPS,HPS,580.0,578.0,580.0,575.0,932.0,538138.9,27.0,4280777820.0,578.0
27/03/2024,HPS,HPS,580.2,580.0,580.2,580.0,366.0,212284.9,11.0,4295590200.0,580.0
26/03/2024,HPS,HPS,588.0,580.0,589.0,580.0,318.0,185048.5,27.0,4295590200.0,580.0
25/03/2024,HPS,HPS,590.0,590.0,590.0,590.0,10.0,5900.0,1.0,4369652100.0,590.0
22/03/2024,HPS,HPS,585.0,590.0,590.0,582.0,1083.0,638743.8,15.0,4369652100.0,590.0
21/03/2024,HPS,HPS,580.0,585.0,590.0,580.0,1176.0,685570.0,12.0,4332621150.0,585.0
20/03/2024,HPS,HPS,590.0,580.0,590.0,580.0,489.0,284819.0,22.0,4295590200.0,580.0
19/03/2024,HPS,HPS,595.0,586.0,595.0,586.0,5056.0,2963331.0,17.0,4340027340.0,586.0
18/03/2024,HPS,HPS,590.0,590.0,590.0,590.0,804.0,474360.0,6.0,4369652100.0,590.0
15/03/2024,HPS,HPS,595.0,590.0,595.0,586.0,12039.0,7069990.5,20.0,4369652100.0,590.0
14/03/2024,HPS,HPS,589.9,595.0,596.0,589.9,132.0,77939.0,5.0,4406683050.0,595.0
13/03/2024,HPS,HPS,590.0,585.1,590.0,585.1,632.0,371736.0,12.0,4333361769.0,585.1
12/03/2024,HPS,HPS,590.0,590.0,590.0,590.0,108.0,63720.0,5.0,4369652100.0,590.0
11/03/2024,HPS,HPS,600.0,598.5,600.0,593.0,55.0,32897.0,3.0,4432604715.0,598.5
08/03/2024,HPS,HPS,590.0,597.0,597.0,590.0,843.0,503124.0,9.0,4421495430.0,597.0
07/03/2024,HPS,HPS,595.0,595.0,595.0,595.0,81.0,48195.0,6.0,4406683050.0,595.0
06/03/2024,HPS,HPS,590.0,593.9,593.9,580.0,184.0,108914.4,11.0,4398536241.0,593.9
05/03/2024,HPS,HPS,580.0,594.0,594.0,579.1,312.0,182390.2,19.0,4399276860.0,594.0
04/03/2024,HPS,HPS,590.0,588.9,597.0,576.0,504.0,295389.5,23.0,4361505291.0,588.9
01/03/2024,HPS,HPS,586.5,590.0,594.0,586.0,4318.0,2547943.1,28.0,4369652100.0,590.0
29/02/2024,HPS,HPS,592.1,570.0,595.0,570.0,3374.0,1954838.3,76.0,4221528300.0,570.0
28/02/2024,HPS,HPS,595.0,591.0,603.0,591.0,1323.0,782377.0,50.0,4377058290.0,591.0
27/02/2024,HPS,HPS,608.0,591.0,610.0,591.0,4463.0,2653302.2,79.0,4377058290.0,591.0
26/02/2024,HPS,HPS,608.0,607.0,608.0,606.9,140.0,84996.9,7.0,4495557330.0,607.0
23/02/2024,HPS,HPS,600.0,600.0,600.0,593.0,4020.0,2411777.4,26.0,4443714000.0,600.0
22/02/2024,HPS,HPS,596.0,595.1,600.0,595.1,600.0,357919.5,16.0,4407423669.0,595.1
21/02/2024,HPS,HPS,595.0,595.0,595.1,595.0,978.0,581915.4,16.0,4406683050.0,595.0
20/02/2024,HPS,HPS,607.0,595.0,608.0,595.0,1888.0,1124292.0,25.0,4406683050.0,595.0
19/02/2024,HPS,HPS,604.0,596.1,604.0,596.1,106.0,63898.9,9.0,4414829859.0,596.1
16/02/2024,HPS,HPS,586.0,600.0,607.0,586.0,3576.0,2138981.3,31.0,4443714000.0,600.0
15/02/2024,HPS,HPS,597.0,590.0,597.0,589.9,3881.0,2290987.5,45.0,4369652100.0,590.0
14/02/2024,HPS,HPS,606.0,595.0,606.0,595.0,1423.0,847657.5,40.0,4406683050.0,595.0
13/02/2024,HPS,HPS,610.9,600.0,610.9,600.0,1191.0,715695.9,44.0,4443714000.0,600.0
12/02/2024,HPS,HPS,610.9,610.9,610.9,610.9,6488.0,3963519.2,3.0,4524441471.0,610.9
09/02/2024,HPS,HPS,605.3,611.4,612.0,605.3,1750.0,1069400.0,14.0,4528144566.0,611.4
08/02/2024,HPS,HPS,615.0,605.3,615.0,605.3,2117.0,1291409.7,38.0,4482966807.0,605.3
07/02/2024,HPS,HPS,612.0,610.0,612.0,610.0,401.0,244650.0,18.0,4517775900.0,610.0
06/02/2024,HPS,HPS,612.0,612.0,615.0,612.0,340.0,208770.0,15.0,4532588280.0,612.0
05/02/2024,HPS,HPS,615.0,619.0,619.0,612.0,86.0,53006.0,5.0,4584431610.0,619.0
02/02/2024,HPS,HPS,617.8,619.5,619.5,612.0,380.0,235158.8,15.0,4588134705.0,619.5
01/02/2024,HPS,HPS,615.0,617.9,617.9,611.3,411.0,253357.2,10.0,4576284801.0,617.9
31/01/2024,HPS,HPS,613.0,611.4,613.0,611.4,314.0,192139.6,6.0,4528144566.0,611.4
30/01/2024,HPS,HPS,611.4,619.8,619.8,611.3,30.0,18382.0,3.0,4590356562.0,619.8
29/01/2024,HPS,HPS,619.8,611.3,619.8,611.3,793.0,484975.9,12.0,4527403947.0,611.3
26/01/2024,HPS,HPS,620.0,611.4,620.0,611.4,1611.0,986857.2,12.0,4528144566.0,611.4
25/01/2024,HPS,HPS,611.4,611.4,611.4,611.4,10.0,6114.0,1.0,4528144566.0,611.4
24/01/2024,HPS,HPS,620.0,611.3,620.0,611.3,1980.0,1219026.2,10.0,4527403947.0,611.3
23/01/2024,HPS,HPS,619.8,619.9,619.9,619.7,18610.0,11533928.7,14.0,4591097181.0,619.9
22/01/2024,HPS,HPS,620.0,619.9,620.0,619.9,4754.0,2947344.4,16.0,4591097181.0,619.9
19/01/2024,HPS,HPS,607.0,619.9,620.0,607.0,1660.0,1028986.9,14.0,4591097181.0,619.9
18/01/2024,HPS,HPS,615.0,606.2,620.0,606.2,4181.0,2570556.3,32.0,4489632378.0,606.2
17/01/2024,HPS,HPS,620.0,615.0,620.0,606.5,102.0,63151.7,8.0,4554806850.0,615.0
16/01/2024,HPS,HPS,601.0,619.9,620.0,601.0,885.0,534187.2,35.0,4591097181.0,619.9
15/01/2024,HPS,HPS,624.0,606.0,624.0,606.0,413.0,255284.3,17.0,4488151140.0,606.0
12/01/2024,HPS,HPS,620.0,620.0,620.0,620.0,3154.0,1955480.0,23.0,4591837800.0,620.0
10/01/2024,HPS,HPS,623.7,620.0,623.7,620.0,116.0,72174.0,8.0,4591837800.0,620.0
09/01/2024,HPS,HPS,624.0,623.9,624.0,620.0,203.0,126614.9,9.0,4620721941.0,623.9
08/01/2024,HPS,HPS,617.0,624.6,624.6,617.0,300.0,186390.0,12.0,4625906274.0,624.6
05/01/2024,HPS,HPS,621.0,620.0,621.0,618.0,2865.0,1776304.0,21.0,4591837800.0,620.0
04/01/2024,HPS,HPS,624.0,622.0,624.0,622.0,1104.0,686812.3,11.0,4606650180.0,622.0
03/01/2024,HPS,HPS,626.6,620.1,626.6,620.1,41375.0,25817183.8,23.0,4592578419.0,620.1
02/01/2024,HPS,HPS,628.0,622.0,628.0,622.0,154.0,96697.6,4.0,4606650180.0,622.0
29/12/2023,HPS,HPS,622.5,622.0,623.9,622.0,75840.0,47249852.4,12.0,4606650180.0,622.0
28/12/2023,HPS,HPS,622.9,624.0,624.0,622.9,6890.0,4295631.0,13.0,4621462560.0,624.0
27/12/2023,HPS,HPS,623.8,622.9,624.0,617.3,1424.0,886426.0,14.0,4613315751.0,622.9
26/12/2023,HPS,HPS,623.0,624.0,624.0,617.1,551929.0,340597127.5,23.0,4621462560.0,624.0
25/12/2023,HPS,HPS,625.0,624.0,625.0,620.0,2655.0,1654665.0,12.0,4621462560.0,624.0
22/12/2023,HPS,HPS,620.0,624.0,624.0,616.4,4739.0,2956251.0,30.0,4621462560.0,624.0
21/12/2023,HPS,HPS,623.9,621.9,623.9,618.0,2315.0,1436942.0,34.0,4605909561.0,621.9
20/12/2023,HPS,HPS,615.0,624.0,624.0,614.7,4301.0,2650961.5,27.0,4621462560.0,624.0
19/12/2023,HPS,HPS,614.0,614.0,614.0,613.9,1375.0,844240.0,8.0,4547400660.0,614.0
18/12/2023,HPS,HPS,609.9,614.0,614.0,605.1,543.0,331773.0,14.0,4547400660.0,614.0
15/12/2023,HPS,HPS,610.0,610.0,610.0,609.9,56770.0,34624880.0,17.0,4517775900.0,610.0
14/12/2023,HPS,HPS,605.5,610.0,610.0,605.5,4895.0,2985747.5,4.0,4517775900.0,610.0
13/12/2023,HPS,HPS,601.0,614.0,614.0,600.0,7645.0,4629918.3,17.0,4547400660.0,614.0
12/12/2023,HPS,HPS,608.0,608.0,608.0,608.0,260.0,158080.0,2.0,4502963520.0,608.0
11/12/2023,HPS,HPS,604.0,605.0,605.0,590.0,1482.0,893110.6,24.0,4480744950.0,605.0
08/12/2023,HPS,HPS,611.0,609.0,611.0,609.0,5050.0,3075550.0,7.0,4510369710.0,609.0
07/12/2023,HPS,HPS,613.0,614.0,614.0,610.0,5705.0,3480865.0,7.0,4547400660.0,614.0
06/12/2023,HPS,HPS,610.0,610.0,614.0,605.0,5057.0,3084598.0,11.0,4517775900.0,610.0
05/12/2023,HPS,HPS,605.0,615.0,615.0,605.0,199.0,121239.4,8.0,4554806850.0,615.0
04/12/2023,HPS,HPS,615.0,605.0,615.0,595.0,113.0,68446.9,12.0,4480744950.0,605.0
01/12/2023,HPS,HPS,610.0,615.0,615.0,610.0,600.0,366500.0,3.0,4554806850.0,615.0
30/11/2023,HPS,HPS,611.0,617.0,617.0,611.0,20065.0,12379729.9,21.0,4569619230.0,617.0
29/11/2023,HPS,HPS,614.0,612.0,614.0,593.0,667.0,406364.0,15.0,4532588280.0,612.0
28/11/2023,HPS,HPS,607.0,600.0,607.0,600.0,1800.0,1085686.7,32.0,4443714000.0,600.0
27/11/2023,HPS,HPS,613.0,615.0,615.0,613.0,4131.0,2537545.0,9.0,4554806850.0,615.0
24/11/2023,HPS,HPS,608.0,615.0,615.0,608.0,11324.0,6919992.0,15.0,4554806850.0,615.0
23/11/2023,HPS,HPS,604.1,608.0,608.0,604.1,960.0,583641.0,5.0,4502963520.0,608.0
22/11/2023,HPS,HPS,602.5,607.0,618.5,602.5,1154.0,708958.0,7.0,4495557330.0,607.0
21/11/2023,HPS,HPS,605.0,602.0,605.0,600.3,35739.0,21620609.4,27.0,4458526380.0,602.0
20/11/2023,HPS,HPS,615.0,614.9,615.0,614.8,125.0,76854.0,4.0,4554066231.0,614.9
17/11/2023,HPS,HPS,602.0,615.0,620.0,600.0,2495.0,1511155.3,25.0,4554806850.0,615.0
16/11/2023,HPS,HPS,605.2,605.0,620.0,600.0,24547.0,14753557.6,77.0,4480744950.0,605.0
15/11/2023,HPS,HPS,610.0,605.5,610.0,605.5,6640.0,4020529.7,11.0,4484448045.0,605.5
14/11/2023,HPS,HPS,615.0,614.0,615.0,605.2,491.0,300869.0,6.0,4547400660.0,614.0
13/11/2023,HPS,HPS,618.0,610.0,618.0,610.0,5200.0,3173770.8,14.0,4517775900.0,610.0
10/11/2023,HPS,HPS,615.0,619.0,620.0,614.0,1375.0,849698.0,11.0,4584431610.0,619.0
09/11/2023,HPS,HPS,613.1,620.0,620.0,613.1,35.0,21631.0,3.0,4591837800.0,620.0
08/11/2023,HPS,HPS,619.0,615.0,619.0,615.0,200.0,123010.7,4.0,4554806850.0,615.0
07/11/2023,HPS,HPS,623.0,625.0,625.0,623.0,106.0,66170.0,4.0,4628868750.0,625.0
03/11/2023,HPS,HPS,630.0,630.0,630.0,630.0,1000.0,630000.0,5.0,4665899700.0,630.0
02/11/2023,HPS,HPS,615.1,624.5,624.5,615.0,355.0,218430.0,13.0,4625165655.0,624.5
01/11/2023,HPS,HPS,625.0,624.0,625.0,624.0,20.0,12490.0,2.0,4621462560.0,624.0
31/10/2023,HPS,HPS,625.0,625.0,625.0,625.0,86.0,53750.0,3.0,4628868750.0,625.0
30/10/2023,HPS,HPS,620.0,625.0,625.0,615.0,1820.0,1135334.3,11.0,4628868750.0,625.0
27/10/2023,HPS,HPS,630.0,630.0,630.0,630.0,253.0,159390.0,3.0,4665899700.0,630.0
26/10/2023,HPS,HPS,630.0,630.0,630.0,630.0,410.0,258300.0,2.0,4665899700.0,630.0
25/10/2023,HPS,HPS,630.0,620.0,630.0,620.0,1160.0,722001.0,6.0,4591837800.0,620.0
24/10/2023,HPS,HPS,625.0,630.0,630.0,625.0,7119.0,4483797.0,25.0,4665899700.0,630.0
23/10/2023,HPS,HPS,640.0,615.0,640.0,615.0,1130.0,712409.7,14.0,4554806850.0,615.0
20/10/2023,HPS,HPS,633.0,640.0,640.0,616.6,1036.0,662776.2,18.0,4739961600.0,640.0
19/10/2023,HPS,HPS,610.0,635.0,638.0,610.0,873.0,540119.3,30.0,4702930650.0,635.0
18/10/2023,HPS,HPS,625.0,610.1,625.0,609.0,320.0,197423.4,17.0,4518516519.0,610.1
17/10/2023,HPS,HPS,631.0,620.0,631.0,620.0,10678.0,6624413.0,23.0,4591837800.0,620.0
16/10/2023,HPS,HPS,635.0,635.0,635.0,634.0,106.0,67229.0,5.0,4702930650.0,635.0
13/10/2023,HPS,HPS,635.1,635.0,640.0,625.1,901.0,571791.2,24.0,4702930650.0,635.0
12/10/2023,HPS,HPS,643.3,640.0,643.3,635.0,1204.0,770173.5,33.0,4739961600.0,640.0
11/10/2023,HPS,HPS,649.0,649.0,649.0,643.2,153.0,98827.8,13.0,4806617310.0,649.0
10/10/2023,HPS,HPS,658.0,649.9,658.0,642.1,522.0,340360.5,24.0,4813282881.0,649.9
09/10/2023,HPS,HPS,669.0,658.0,669.0,650.0,652.0,432074.0,34.0,4873273020.0,658.0
06/10/2023,HPS,HPS,6650.0,6400.0,6650.0,6400.0,924.0,5974585.0,52.0,4739961600.0,640.0
05/10/2023,HPS,HPS,6700.0,6675.0,6700.0,6500.0,830.0,5547041.0,34.0,4943631825.0,667.5
04/10/2023,HPS,HPS,6282.0,6398.0,6398.0,6256.0,64.0,402676.0,8.0,4738480362.0,639.8
03/10/2023,HPS,HPS,6399.0,6300.0,6399.0,6300.0,421.0,2652795.0,7.0,4665899700.0,630.0
02/10/2023,HPS,HPS,6300.0,6355.0,6400.0,6251.0,582.0,3697126.0,12.0,4706633745.0,635.5
27/09/2023,HPS,HPS,6300.0,6306.0,6355.0,6300.0,229.0,1454670.0,9.0,4670343414.0,630.6
26/09/2023,HPS,HPS,6499.0,6350.0,6499.0,6350.0,1606.0,10206676.0,16.0,4702930650.0,635.0
25/09/2023,HPS,HPS,6403.0,6499.0,6500.0,6300.0,488.0,3150424.0,29.0,4813282881.0,649.9
22/09/2023,HPS,HPS,6500.0,6600.0,6600.0,6500.0,1228.0,8102100.0,12.0,4888085400.0,660.0
21/09/2023,HPS,HPS,6500.0,6600.0,6600.0,6500.0,579.0,3813750.0,18.0,4888085400.0,660.0
20/09/2023,HPS,HPS,6490.0,6500.0,6501.0,6490.0,1445.0,9392231.0,18.0,4814023500.0,650.0
19/09/2023,HPS,HPS,6500.0,6500.0,6500.0,6405.0,37.0,240405.0,6.0,4814023500.0,650.0
18/09/2023,HPS,HPS,6500.0,6598.0,6600.0,6400.0,524.0,3411957.0,31.0,4886604162.0,659.8
15/09/2023,HPS,HPS,6300.0,6500.0,6500.0,6300.0,282.0,1814125.0,27.0,4814023500.0,650.0
14/09/2023,HPS,HPS,6275.0,6300.0,6300.0,6275.0,648.0,4081094.0,14.0,4665899700.0,630.0
13/09/2023,HPS,HPS,6200.0,6300.0,6300.0,6200.0,441.0,2745746.0,15.0,4665899700.0,630.0
12/09/2023,HPS,HPS,6250.0,6250.0,6250.0,6250.0,100.0,625000.0,4.0,4628868750.0,625.0
11/09/2023,HPS,HPS,6200.0,6200.0,6200.0,6200.0,10.0,62000.0,3.0,4591837800.0,620.0
08/09/2023,HPS,HPS,6200.0,6279.0,6279.0,6200.0,1831.0,11482667.0,12.0,4650346701.0,627.9
07/09/2023,HPS,HPS,6170.0,6250.0,6250.0,6170.0,550.0,3415102.0,20.0,4628868750.0,625.0
06/09/2023,HPS,HPS,6200.0,6199.0,6200.0,6199.0,36.0,223188.0,7.0,4591097181.0,619.9
05/09/2023,HPS,HPS,6100.0,6200.0,6200.0,6025.0,1060.0,6568136.0,29.0,4591837800.0,620.0
04/09/2023,HPS,HPS,6199.0,6100.0,6200.0,6000.0,206.0,1266062.0,12.0,4517775900.0,610.0
01/09/2023,HPS,HPS,5979.0,6200.0,6200.0,5970.0,2372.0,14265201.0,60.0,4591837800.0,620.0
31/08/2023,HPS,HPS,5900.0,5980.0,5980.0,5900.0,861.0,5101314.0,25.0,4428901620.0,598.0
30/08/2023,HPS,HPS,5890.0,5900.0,5900.0,5890.0,618.0,3645680.0,13.0,4369652100.0,590.0
29/08/2023,HPS,HPS,5899.0,5900.0,5940.0,5855.0,377.0,2224299.0,25.0,4369652100.0,590.0
28/08/2023,HPS,HPS,5901.0,5910.0,5920.0,5901.0,52.0,307398.0,7.0,4377058290.0,591.0
25/08/2023,HPS,HPS,5900.0,5945.0,5945.0,5852.0,132.0,783361.0,15.0,4402979955.0,594.5
24/08/2023,HPS,HPS,5850.0,5924.0,5925.0,5850.0,271.0,1598679.0,18.0,4387426956.0,592.4
23/08/2023,HPS,HPS,5915.0,5900.0,5915.0,5900.0,743.0,4383935.0,14.0,4369652100.0,590.0
22/08/2023,HPS,HPS,5950.0,5950.0,5990.0,5913.0,122.0,725792.0,27.0,4406683050.0,595.0
18/08/2023,HPS,HPS,5950.0,5980.0,6000.0,5906.0,1050.0,6267446.0,66.0,4428901620.0,598.0
17/08/2023,HPS,HPS,5906.0,5901.0,5950.0,5900.0,262.0,1554513.0,21.0,4370392719.0,590.1
16/08/2023,HPS,HPS,5821.0,5901.0,5950.0,5821.0,325.0,1927183.0,18.0,4370392719.0,590.1
15/08/2023,HPS,HPS,5820.0,5900.0,5900.0,5820.0,110.0,648600.0,6.0,4369652100.0,590.0
11/08/2023,HPS,HPS,5900.0,5960.0,5960.0,5900.0,449.0,2670835.0,25.0,4414089240.0,596.0
10/08/2023,HPS,HPS,5922.0,5950.0,5960.0,5922.0,2393.0,14238417.0,24.0,4406683050.0,595.0
09/08/2023,HPS,HPS,5922.0,5960.0,5960.0,5922.0,538.0,3200321.0,30.0,4414089240.0,596.0
08/08/2023,HPS,HPS,5950.0,5950.0,5960.0,5950.0,301.0,1791000.0,26.0,4406683050.0,595.0
07/08/2023,HPS,HPS,5951.0,5950.0,5965.0,5950.0,657.0,3910051.0,23.0,4406683050.0,595.0
04/08/2023,HPS,HPS,5950.0,5950.0,5967.0,5950.0,3067.0,18250813.0,54.0,4406683050.0,595.0
03/08/2023,HPS,HPS,5860.0,5950.0,5960.0,5860.0,1106.0,6572444.0,40.0,4406683050.0,595.0
02/08/2023,HPS,HPS,5801.0,5860.0,5940.0,5800.0,1591.0,9343093.0,67.0,4340027340.0,586.0
01/08/2023,HPS,HPS,5740.0,5800.0,5800.0,5740.0,146.0,842634.0,20.0,4295590200.0,580.0
31/07/2023,HPS,HPS,5660.0,5710.0,5800.0,5660.0,241.0,1380068.0,25.0,4228934490.0,571.0
28/07/2023,HPS,HPS,5710.0,5800.0,5850.0,5506.0,2615.0,14910814.0,106.0,4295590200.0,580.0
27/07/2023,HPS,HPS,5403.0,5710.0,5710.0,5400.0,1811.0,9989690.0,72.0,4228934490.0,571.0
26/07/2023,HPS,HPS,5450.0,5400.0,5450.0,5390.0,1629.0,8818272.0,83.0,3999342600.0,540.0
25/07/2023,HPS,HPS,5706.0,5599.0,5740.0,5599.0,594.0,3358917.0,32.0,4146725781.0,559.9
24/07/2023,HPS,HPS,5750.0,5750.0,5750.0,5750.0,84.0,483000.0,1.0,4045694250.0,575.0
21/07/2023,HPS,HPS,5789.0,5789.0,5789.0,5789.0,200.0,1157800.0,3.0,4073134611.0,578.9
20/07/2023,HPS,HPS,5790.0,5789.0,5790.0,5700.0,127.0,733116.0,12.0,4073134611.0,578.9
18/07/2023,HPS,HPS,0.0,5793.0,0.0,0.0,0.0,0.0,0.0,4075949007.0,579.3
17/07/2023,HPS,HPS,5793.0,5793.0,5793.0,5793.0,1200.0,6951600.0,2.0,4075949007.0,579.3
14/07/2023,HPS,HPS,5720.0,5793.0,5793.0,5720.0,208.0,1204360.0,6.0,4075949007.0,579.3
13/07/2023,HPS,HPS,5720.0,5720.0,5720.0,5720.0,52.0,297440.0,3.0,4024586280.0,572.0
12/07/2023,HPS,HPS,5800.0,5720.0,5800.0,5720.0,185.0,1059695.0,12.0,4024586280.0,572.0
11/07/2023,HPS,HPS,5800.0,5799.0,5800.0,5799.0,41.0,237760.0,4.0,4080170601.0,579.9
10/07/2023,HPS,HPS,0.0,5900.0,0.0,0.0,0.0,0.0,0.0,4151234100.0,590.0
07/07/2023,HPS,HPS,5900.0,5900.0,5900.0,5900.0,5.0,29500.0,2.0,4151234100.0,590.0
06/07/2023,HPS,HPS,5899.0,5893.0,5899.0,5700.0,61.0,349853.0,5.0,4146308907.0,589.3
05/07/2023,HPS,HPS,5631.0,5900.0,5900.0,5630.0,27.0,152560.0,4.0,4151234100.0,590.0
04/07/2023,HPS,HPS,0.0,5850.0,0.0,0.0,0.0,0.0,0.0,4116054150.0,585.0
03/07/2023,HPS,HPS,6000.0,5850.0,6000.0,5850.0,241.0,1438300.0,11.0,4116054150.0,585.0
28/06/2023,HPS,HPS,5890.0,5853.0,5890.0,5853.0,126.0,742103.0,3.0,4118164947.0,585.3
27/06/2023,HPS,HPS,0.0,5890.0,0.0,0.0,0.0,0.0,0.0,4144198110.0,589.0
26/06/2023,HPS,HPS,0.0,5890.0,0.0,0.0,0.0,0.0,0.0,4144198110.0,589.0
23/06/2023,HPS,HPS,5890.0,5890.0,5890.0,5890.0,922.0,5430580.0,7.0,4144198110.0,589.0
22/06/2023,HPS,HPS,6000.0,6000.0,6000.0,6000.0,1400.0,8400000.0,8.0,4221594000.0,600.0
21/06/2023,HPS,HPS,5950.0,5890.0,5950.0,5890.0,1106.0,6522625.0,6.0,4144198110.0,589.0
20/06/2023,HPS,HPS,5763.0,5900.0,5949.0,5760.0,1158.0,6844228.0,21.0,4151234100.0,590.0
19/06/2023,HPS,HPS,5775.0,5900.0,5900.0,5775.0,6.0,35275.0,2.0,4151234100.0,590.0
16/06/2023,HPS,HPS,5900.0,5900.0,5900.0,5900.0,195.0,1150500.0,1.0,4151234100.0,590.0
15/06/2023,HPS,HPS,5750.0,5950.0,6000.0,5750.0,204.0,1211798.0,13.0,4186414050.0,595.0
14/06/2023,HPS,HPS,5780.0,5850.0,5850.0,5731.0,389.0,2264706.0,15.0,4116054150.0,585.0
13/06/2023,HPS,HPS,5800.0,5800.0,5800.0,5800.0,1.0,5800.0,1.0,4080874200.0,580.0
12/06/2023,HPS,HPS,5730.0,5730.0,5730.0,5730.0,60.0,343800.0,1.0,4031622270.0,573.0
09/06/2023,HPS,HPS,5789.0,5789.0,5789.0,5789.0,385.0,2228765.0,6.0,4073134611.0,578.9
08/06/2023,HPS,HPS,5630.0,5740.0,5740.0,5630.0,1045.0,5887200.0,7.0,4038658260.0,574.0
07/06/2023,HPS,HPS,5780.0,5780.0,5780.0,5780.0,87.0,502860.0,9.0,4066802220.0,578.0
06/06/2023,HPS,HPS,5875.0,5630.0,5875.0,5630.0,795.0,4477810.0,29.0,3961262370.0,563.0
05/06/2023,HPS,HPS,5890.0,5890.0,5890.0,5890.0,981.0,5778090.0,1.0,4144198110.0,589.0
02/06/2023,HPS,HPS,5890.0,5890.0,5890.0,5890.0,299.0,1761110.0,15.0,4144198110.0,589.0
01/06/2023,HPS,HPS,5535.0,5560.0,5560.0,5535.0,353.0,1957580.0,11.0,3912010440.0,556.0
31/05/2023,HPS,HPS,5700.0,5500.0,5701.0,5500.0,2123.0,11741901.0,50.0,3869794500.0,550.0
30/05/2023,HPS,HPS,5700.0,5700.0,5700.0,5700.0,373.0,2126100.0,6.0,4010514300.0,570.0
29/05/2023,HPS,HPS,5829.0,5700.0,5829.0,5700.0,87.0,496816.0,14.0,4010514300.0,570.0
26/05/2023,HPS,HPS,5800.0,5500.0,5800.0,5500.0,519.0,2877005.0,29.0,3869794500.0,550.0
25/05/2023,HPS,HPS,5870.0,5780.0,5870.0,5780.0,480.0,2791324.0,31.0,4066802220.0,578.0
24/05/2023,HPS,HPS,0.0,5900.0,0.0,0.0,0.0,0.0,0.0,4151234100.0,590.0
23/05/2023,HPS,HPS,5900.0,5900.0,5901.0,5900.0,205.0,1209510.0,4.0,4151234100.0,590.0
22/05/2023,HPS,HPS,5945.0,5900.0,5945.0,5900.0,502.0,2962476.0,7.0,4151234100.0,590.0
19/05/2023,HPS,HPS,5911.0,5910.0,5911.0,5910.0,5.0,29553.0,2.0,4158270090.0,591.0
18/05/2023,HPS,HPS,5910.0,5910.0,5910.0,5910.0,2.0,11820.0,1.0,4158270090.0,591.0
17/05/2023,HPS,HPS,5900.0,5900.0,5900.0,5900.0,5332.0,31458800.0,9.0,4151234100.0,590.0
16/05/2023,HPS,HPS,6100.0,5900.0,6100.0,5900.0,173.0,1020910.0,11.0,4151234100.0,590.0
15/05/2023,HPS,HPS,6198.0,6000.0,6198.0,6000.0,12.0,72948.0,4.0,4221594000.0,600.0
12/05/2023,HPS,HPS,5900.0,5900.0,5900.0,5900.0,69.0,407100.0,2.0,4151234100.0,590.0
11/05/2023,HPS,HPS,6000.0,5900.0,6000.0,5800.0,6423.0,38170230.0,45.0,4151234100.0,590.0
10/05/2023,HPS,HPS,6320.0,6000.0,6320.0,6000.0,14.0,84451.0,10.0,4221594000.0,600.0
09/05/2023,HPS,HPS,6000.0,6320.0,6320.0,6000.0,1089.0,6535600.0,5.0,4446745680.0,632.0
08/05/2023,HPS,HPS,6100.0,6200.0,6200.0,6100.0,15.0,92500.0,4.0,4362313800.0,620.0
05/05/2023,HPS,HPS,6200.0,6200.0,6200.0,6200.0,90.0,558000.0,3.0,4362313800.0,620.0
04/05/2023,HPS,HPS,5850.0,6190.0,6190.0,5850.0,27.0,166450.0,7.0,4355277810.0,619.0
03/05/2023,HPS,HPS,5951.0,6000.0,6000.0,5950.0,18.0,107852.0,4.0,4221594000.0,600.0
02/05/2023,HPS,HPS,5955.0,5955.0,5955.0,5955.0,45.0,267975.0,7.0,4189932045.0,595.5
28/04/2023,HPS,HPS,0.0,6200.0,0.0,0.0,0.0,0.0,0.0,4362313800.0,620.0
27/04/2023,HPS,HPS,0.0,6200.0,0.0,0.0,0.0,0.0,0.0,4362313800.0,620.0
26/04/2023,HPS,HPS,6020.0,6200.0,6200.0,6020.0,25.0,153200.0,7.0,4362313800.0,620.0
25/04/2023,HPS,HPS,6199.0,6200.0,6200.0,6199.0,41.0,254160.0,2.0,4362313800.0,620.0
21/04/2023,HPS,HPS,6200.0,6249.0,6249.0,6200.0,950.0,5890735.0,2.0,4396790151.0,624.9
20/04/2023,HPS,HPS,0.0,6298.0,0.0,0.0,0.0,0.0,0.0,4431266502.0,629.8
19/04/2023,HPS,HPS,6298.0,6298.0,6298.0,6298.0,80.0,503840.0,1.0,4431266502.0,629.8
18/04/2023,HPS,HPS,6300.0,6300.0,6300.0,6300.0,2194.0,13822200.0,1.0,4432673700.0,630.0
17/04/2023,HPS,HPS,0.0,6300.0,0.0,0.0,0.0,0.0,0.0,4432673700.0,630.0
14/04/2023,HPS,HPS,6300.0,6300.0,6300.0,6150.0,986.0,6095828.0,11.0,4432673700.0,630.0
13/04/2023,HPS,HPS,6480.0,6300.0,6480.0,6300.0,30.0,190800.0,4.0,4432673700.0,630.0
12/04/2023,HPS,HPS,6310.0,6300.0,6310.0,6300.0,2747.0,17306200.0,9.0,4432673700.0,630.0
11/04/2023,HPS,HPS,6495.0,6495.0,6495.0,6495.0,10.0,64950.0,2.0,4569875505.0,649.5
10/04/2023,HPS,HPS,0.0,6498.0,0.0,0.0,0.0,0.0,0.0,4571986302.0,649.8
07/04/2023,HPS,HPS,0.0,6498.0,0.0,0.0,0.0,0.0,0.0,4571986302.0,649.8
06/04/2023,HPS,HPS,0.0,6498.0,0.0,0.0,0.0,0.0,0.0,4571986302.0,649.8
05/04/2023,HPS,HPS,6485.0,6498.0,6498.0,6485.0,67.0,435314.0,4.0,4571986302.0,649.8
04/04/2023,HPS,HPS,6500.0,6500.0,6500.0,6500.0,22.0,143000.0,4.0,4573393500.0,650.0
03/04/2023,HPS,HPS,6251.0,6497.0,6497.0,6251.0,5.0,32239.0,3.0,4571282703.0,649.7
31/03/2023,HPS,HPS,6500.0,6500.0,6500.0,6500.0,103.0,669500.0,4.0,4573393500.0,650.0
30/03/2023,HPS,HPS,6500.0,6500.0,6500.0,6500.0,30.0,195000.0,3.0,4573393500.0,650.0
29/03/2023,HPS,HPS,0.0,6499.0,0.0,0.0,0.0,0.0,0.0,4572689901.0,649.9
28/03/2023,HPS,HPS,6450.0,6499.0,6499.0,6450.0,123.0,795163.0,5.0,4572689901.0,649.9
27/03/2023,HPS,HPS,6496.0,6498.0,6498.0,6450.0,62.0,401864.0,5.0,4571986302.0,649.8
24/03/2023,HPS,HPS,6400.0,6485.0,6489.0,6400.0,153.0,983725.0,5.0,4562839515.0,648.5
23/03/2023,HPS,HPS,0.0,6470.0,0.0,0.0,0.0,0.0,0.0,4552285530.0,647.0
22/03/2023,HPS,HPS,6494.0,6470.0,6494.0,6470.0,18.0,116751.0,5.0,4552285530.0,647.0
21/03/2023,HPS,HPS,0.0,6494.0,0.0,0.0,0.0,0.0,0.0,4569171906.0,649.4
20/03/2023,HPS,HPS,0.0,6494.0,0.0,0.0,0.0,0.0,0.0,4569171906.0,649.4
17/03/2023,HPS,HPS,6494.0,6494.0,6494.0,6494.0,40.0,259760.0,2.0,4569171906.0,649.4
16/03/2023,HPS,HPS,0.0,6498.0,0.0,0.0,0.0,0.0,0.0,4571986302.0,649.8
15/03/2023,HPS,HPS,0.0,6498.0,0.0,0.0,0.0,0.0,0.0,4571986302.0,649.8
14/03/2023,HPS,HPS,6498.0,6498.0,6498.0,6498.0,15.0,97470.0,5.0,4571986302.0,649.8
13/03/2023,HPS,HPS,0.0,6497.0,0.0,0.0,0.0,0.0,0.0,4571282703.0,649.7
10/03/2023,HPS,HPS,6497.0,6497.0,6497.0,6497.0,75.0,487275.0,4.0,4571282703.0,649.7
09/03/2023,HPS,HPS,0.0,6485.0,0.0,0.0,0.0,0.0,,4562839515.0,648.5
08/03/2023,HPS,HPS,6485.0,6485.0,6485.0,6485.0,1.0,6485.0,1.0,4562839515.0,648.5
07/03/2023,HPS,HPS,0.0,6499.0,0.0,0.0,0.0,0.0,,4572689901.0,649.9
06/03/2023,HPS,HPS,0.0,6499.0,0.0,0.0,0.0,0.0,,4572689901.0,649.9
03/03/2023,HPS,HPS,0.0,6499.0,0.0,0.0,0.0,0.0,,4572689901.0,649.9
02/03/2023,HPS,HPS,0.0,6499.0,0.0,0.0,0.0,0.0,,4572689901.0,649.9
01/03/2023,HPS,HPS,0.0,6499.0,0.0,0.0,0.0,0.0,,4572689901.0,649.9
28/02/2023,HPS,HPS,6498.0,6499.0,6499.0,6498.0,15.0,97484.0,4.0,4572689901.0,649.9
27/02/2023,HPS,HPS,0.0,6499.0,0.0,0.0,0.0,0.0,,4572689901.0,649.9
24/02/2023,HPS,HPS,6499.0,6499.0,6499.0,6499.0,1.0,6499.0,1.0,4572689901.0,649.9
23/02/2023,HPS,HPS,0.0,6499.0,0.0,0.0,0.0,0.0,,4572689901.0,649.9
22/02/2023,HPS,HPS,6400.0,6499.0,6499.0,6400.0,32.0,206780.0,7.0,4572689901.0,649.9
21/02/2023,HPS,HPS,6200.0,6499.0,6499.0,6200.0,21.0,134688.0,7.0,4572689901.0,649.9
20/02/2023,HPS,HPS,0.0,6500.0,0.0,0.0,0.0,0.0,,4573393500.0,650.0
17/02/2023,HPS,HPS,6500.0,6500.0,6500.0,6500.0,90.0,585000.0,4.0,4573393500.0,650.0
16/02/2023,HPS,HPS,6201.0,6300.0,6300.0,6201.0,25.0,157203.0,4.0,4432673700.0,630.0
15/02/2023,HPS,HPS,6300.0,6300.0,6300.0,6300.0,25.0,157500.0,2.0,4432673700.0,630.0
14/02/2023,HPS,HPS,6350.0,6350.0,6350.0,6350.0,50.0,317500.0,3.0,4467853650.0,635.0
13/02/2023,HPS,HPS,0.0,6350.0,0.0,0.0,0.0,0.0,,4467853650.0,635.0
10/02/2023,HPS,HPS,6350.0,6350.0,6350.0,6315.0,201.0,1271100.0,3.0,4467853650.0,635.0
09/02/2023,HPS,HPS,6390.0,6390.0,6390.0,6390.0,1.0,6390.0,1.0,4495997610.0,639.0
08/02/2023,HPS,HPS,6200.0,6350.0,6350.0,6200.0,317.0,1979212.0,9.0,4467853650.0,635.0
07/02/2023,HPS,HPS,6200.0,6200.0,6200.0,6200.0,703.0,4358600.0,3.0,4362313800.0,620.0
06/02/2023,HPS,HPS,0.0,6200.0,0.0,0.0,0.0,0.0,,4362313800.0,620.0
03/02/2023,HPS,HPS,6199.0,6200.0,6200.0,6199.0,162.0,1004350.0,7.0,4362313800.0,620.0
02/02/2023,HPS,HPS,6200.0,6197.0,6200.0,6197.0,88.0,545525.0,8.0,4360203003.0,619.7
01/02/2023,HPS,HPS,0.0,6200.0,0.0,0.0,0.0,0.0,,4362313800.0,620.0
31/01/2023,HPS,HPS,6015.0,6200.0,6200.0,6015.0,429.0,2657850.0,6.0,4362313800.0,620.0
30/01/2023,HPS,HPS,0.0,6200.0,0.0,0.0,0.0,0.0,,4362313800.0,620.0
27/01/2023,HPS,HPS,6200.0,6200.0,6200.0,6200.0,500.0,3100000.0,2.0,4362313800.0,620.0
26/01/2023,HPS,HPS,6380.0,6380.0,6380.0,6380.0,12.0,76560.0,3.0,4488961620.0,638.0
25/01/2023,HPS,HPS,6200.0,6200.0,6200.0,6200.0,1.0,6200.0,1.0,4362313800.0,620.0
24/01/2023,HPS,HPS,6200.0,6200.0,6200.0,6200.0,14.0,86800.0,1.0,4362313800.0,620.0
23/01/2023,HPS,HPS,6200.0,6200.0,6200.0,6200.0,248.0,1537600.0,3.0,4362313800.0,620.0
20/01/2023,HPS,HPS,6200.0,6200.0,6200.0,6200.0,514.0,3186800.0,3.0,4362313800.0,620.0
19/01/2023,HPS,HPS,6198.0,6200.0,6200.0,6198.0,148.0,917578.0,6.0,4362313800.0,620.0
18/01/2023,HPS,HPS,6198.0,6198.0,6198.0,6198.0,42.0,260316.0,3.0,4360906602.0,619.8
17/01/2023,HPS,HPS,0.0,6200.0,0.0,0.0,0.0,0.0,,4362313800.0,620.0
16/01/2023,HPS,HPS,0.0,6200.0,0.0,0.0,0.0,0.0,,4362313800.0,620.0
13/01/2023,HPS,HPS,6200.0,6200.0,6200.0,6200.0,10.0,62000.0,1.0,4362313800.0,620.0
12/01/2023,HPS,HPS,6195.0,6199.0,6200.0,6195.0,63.0,390557.0,4.0,4361610201.0,619.9
10/01/2023,HPS,HPS,5745.0,6089.0,6089.0,5745.0,1179.0,6785739.0,11.0,4284214311.0,608.9
09/01/2023,HPS,HPS,5745.0,5745.0,5745.0,5745.0,75.0,430875.0,1.0,4042176255.0,574.5
06/01/2023,HPS,HPS,6000.0,5745.0,6000.0,5745.0,1117.0,6428097.0,20.0,4042176255.0,574.5
05/01/2023,HPS,HPS,6306.0,6111.0,6306.0,6111.0,200.0,1223189.0,11.0,4299693489.0,611.1
04/01/2023,HPS,HPS,6500.0,6500.0,6500.0,6500.0,21.0,136500.0,8.0,4573393500.0,650.0
03/01/2023,HPS,HPS,6300.0,6500.0,6500.0,6300.0,62.0,400203.0,13.0,4573393500.0,650.0
02/01/2023,HPS,HPS,6300.0,6300.0,6300.0,6300.0,58.0,365400.0,4.0,4432673700.0,630.0
