    Date,Ticker,Weight
    2024-02-09,ATW,0.07840021897356625
    2024-02-09,BOA,0.05642442410358479
    2024-02-09,CDM,0.056753786842561535
    2024-02-09,CIH,0.04141879106341743
    2024-02-09,CSR,0.09231758087879297
    2024-02-09,GAZ,0.0553587063799288
    2024-02-09,HPS,0.006845483248906461
    2024-02-09,IAM,0.10735443755600763
    2024-02-09,LBV,0.03190476535991201
    2024-02-09,LHF,0.1266006464079564
    2024-02-09,LSE,-0.009006910828858577
    2024-02-09,MNG,0.04577727670060202
    2024-02-09,SID,0.12625199830808742
    2024-02-09,TQM,0.10375578721024178
    2024-02-09,WAA,0.07984300779529294
    2024-02-16,ATW,0.09332903889518837
    2024-02-16,BOA,0.05869064302214277
    2024-02-16,CDM,0.08588639193702041
    2024-02-16,CIH,0.054305078948703886
    2024-02-16,CSR,0.07963348895906665
    2024-02-16,GAZ,0.0740172879544858
    2024-02-16,HPS,-0.02472535525263305
    2024-02-16,IAM,0.10100632458261417
    2024-02-16,LBV,0.04922434965047853
    2024-02-16,LHF,0.11612797977604884
    2024-02-16,LSE,-0.021540079734503764
    2024-02-16,MNG,0.025730758850589133
    2024-02-16,SID,0.13599692861130425
    2024-02-16,TQM,0.09239359282314025
    2024-02-16,WAA,0.07992357097635379
    2024-02-23,ATW,0.0924403528119578
    2024-02-23,BOA,0.05807531533572478
    2024-02-23,CDM,0.07462490504120131
    2024-02-23,CIH,0.05580395530466192
    2024-02-23,CSR,0.077802105745961
    2024-02-23,GAZ,0.07241513022339932
    2024-02-23,HPS,-0.026729363038244365
    2024-02-23,IAM,0.11328074688067917
    2024-02-23,LBV,0.04617212969597505
    2024-02-23,LHF,0.11802564637216043
    2024-02-23,LSE,-0.012283953926004924
    2024-02-23,MNG,0.028395090929900047
    2024-02-23,SID,0.13752315987123107
    2024-02-23,TQM,0.08789557962509224
    2024-02-23,WAA,0.07655919912630535
    2024-03-01,ATW,0.09116568960446333
    2024-03-01,BOA,0.05615521830785438
    2024-03-01,CDM,0.06900748718282156
    2024-03-01,CIH,0.060507542409502416
    2024-03-01,CSR,0.07837060936795143
    2024-03-01,GAZ,0.0714921857762899
    2024-03-01,HPS,-0.025801873068207377
    2024-03-01,IAM,0.11216108337659987
    2024-03-01,LBV,0.048144354681232904
    2024-03-01,LHF,0.11233056403204565
    2024-03-01,LSE,-0.010288899883568665
    2024-03-01,MNG,0.02706972400369759
    2024-03-01,SID,0.14245846802745982
    2024-03-01,TQM,0.0922340650324618
    2024-03-01,WAA,0.07499378114939542
    2024-03-08,ATW,0.08742915423972235
    2024-03-08,BOA,0.060750841121427236
    2024-03-08,CDM,0.08477457203213837
    2024-03-08,CIH,0.05834191091426432
    2024-03-08,CSR,0.0682361522691651
    2024-03-08,GAZ,0.07679414811527507
    2024-03-08,HPS,-0.027087472225657622
    2024-03-08,IAM,0.10962932869087372
    2024-03-08,LBV,0.044408747346428495
    2024-03-08,LHF,0.10787922561462375
    2024-03-08,LSE,-0.0006344762160814904
    2024-03-08,MNG,0.028478649590202413
    2024-03-08,SID,0.12795487956110466
    2024-03-08,TQM,0.10190595244086621
    2024-03-08,WAA,0.07113838650564738
    2024-03-15,ATW,0.08676599075879073
    2024-03-15,BOA,0.06408792847139348
    2024-03-15,CDM,0.06175804269101746
    2024-03-15,CIH,0.06947526317634257
    2024-03-15,CSR,0.06220088258972495
    2024-03-15,GAZ,0.07652802199024229
    2024-03-15,HPS,-0.04136877091335539
    2024-03-15,IAM,0.12078496678693174
    2024-03-15,LBV,0.04369194770577172
    2024-03-15,LHF,0.11961705578877083
    2024-03-15,LSE,-0.014448471582487734
    2024-03-15,MNG,0.029628706506693542
    2024-03-15,SID,0.15126030289929876
    2024-03-15,TQM,0.10651910149814685
    2024-03-15,WAA,0.06349903163271814
    2024-03-22,ATW,0.09133215639906939
    2024-03-22,BOA,0.06553438666457016
    2024-03-22,CDM,0.07029478246756245
    2024-03-22,CIH,0.07156999836359185
    2024-03-22,CSR,0.05896294857310889
    2024-03-22,GAZ,0.07330439328410449
    2024-03-22,HPS,-0.042790902839964486
    2024-03-22,IAM,0.11849189746358019
    2024-03-22,LBV,0.04154847676526784
    2024-03-22,LHF,0.12084728617382683
    2024-03-22,LSE,-0.014418176491554352
    2024-03-22,MNG,0.030252332649046924
    2024-03-22,SID,0.14660906447019176
    2024-03-22,TQM,0.10351809421957085
    2024-03-22,WAA,0.06494326183802727
    2024-03-29,ATW,0.09419904658452546
    2024-03-29,BOA,0.06664699225953104
    2024-03-29,CDM,0.069642659297238
    2024-03-29,CIH,0.072059632941809
    2024-03-29,CSR,0.056215439234794315
    2024-03-29,GAZ,0.07393133558243799
    2024-03-29,HPS,-0.04315671615096801
    2024-03-29,IAM,0.1226630994695009
    2024-03-29,LBV,0.03992676393658607
    2024-03-29,LHF,0.12205896208885365
    2024-03-29,LSE,-0.014335014800409173
    2024-03-29,MNG,0.03200751125202719
    2024-03-29,SID,0.13910910247853014
    2024-03-29,TQM,0.10351751654670784
    2024-03-29,WAA,0.06551366927883581
    2024-04-05,ATW,0.09553176818444176
    2024-04-05,BOA,0.06659435521304231
    2024-04-05,CDM,0.07055938809801533
    2024-04-05,CIH,0.07428775122625637
    2024-04-05,CSR,0.0551769571882008
    2024-04-05,GAZ,0.06750675163711847
    2024-04-05,HPS,-0.04348274879258402
    2024-04-05,IAM,0.13189554022202957
    2024-04-05,LBV,0.047616417849428695
    2024-04-05,LHF,0.1189225193100784
    2024-04-05,LSE,-0.014280394732652416
    2024-04-05,MNG,0.027573054996043424
    2024-04-05,SID,0.1340010888103247
    2024-04-05,TQM,0.1019645075089185
    2024-04-05,WAA,0.06613304328133819
    2024-04-15,ATW,0.09459782696969765
    2024-04-15,BOA,0.06536447297147056
    2024-04-15,CDM,0.07511075417215479
    2024-04-15,CIH,0.07408858913590899
    2024-04-15,CSR,0.054823543160201174
    2024-04-15,GAZ,0.07824021828990543
    2024-04-15,HPS,-0.0435084764996015
    2024-04-15,IAM,0.13283848613418653
    2024-04-15,LBV,0.046776203266182655
    2024-04-15,LHF,0.11781773554566485
    2024-04-15,LSE,-0.015293800865430746
    2024-04-15,MNG,0.02036161117599131
    2024-04-15,SID,0.12976914941540402
    2024-04-15,TQM,0.09888976407778932
    2024-04-15,WAA,0.07012392305047498
    2024-04-19,ATW,0.09229656244553619
    2024-04-19,BOA,0.06662612228203671
    2024-04-19,CDM,0.0737845447783448
    2024-04-19,CIH,0.07082147048952435
    2024-04-19,CSR,0.05486587239393173
    2024-04-19,GAZ,0.07865621469290164
    2024-04-19,HPS,-0.04397054441195064
    2024-04-19,IAM,0.12597340287630984
    2024-04-19,LBV,0.03600442036163882
    2024-04-19,LHF,0.11877554125667018
    2024-04-19,LSE,-0.0192867818834026
    2024-04-19,MNG,0.03643411740204829
    2024-04-19,SID,0.13670943643103795
    2024-04-19,TQM,0.10464410849778356
    2024-04-19,WAA,0.06766551238758932
    2024-04-26,ATW,0.08955532748833714
    2024-04-26,BOA,0.06473477227973203
    2024-04-26,CDM,0.07148848947674807
    2024-04-26,CIH,0.06813432289746177
    2024-04-26,CSR,0.05395279726271778
    2024-04-26,GAZ,0.0770640080954735
    2024-04-26,HPS,-0.04125319660453263
    2024-04-26,IAM,0.1243509396000603
    2024-04-26,LBV,0.028274185561898296
    2024-04-26,LHF,0.11730003523552944
    2024-04-26,LSE,-0.018061555872598736
    2024-04-26,MNG,0.05547607977560596
    2024-04-26,SID,0.13771787462485657
    2024-04-26,TQM,0.1063511601231365
    2024-04-26,WAA,0.06491476005557392
    2024-05-03,ATW,0.08755861349954032
    2024-05-03,BOA,0.06117989364693697
    2024-05-03,CDM,0.06999578325595122
    2024-05-03,CIH,0.06662545232744926
    2024-05-03,CSR,0.051627646782609636
    2024-05-03,GAZ,0.07574575635769702
    2024-05-03,HPS,-0.037077112455887115
    2024-05-03,IAM,0.1222214862291856
    2024-05-03,LBV,0.031920621407678616
    2024-05-03,LHF,0.11874144294910893
    2024-05-03,LSE,-0.01816655339324817
    2024-05-03,MNG,0.05641045381635466
    2024-05-03,SID,0.14730177109253328
    2024-05-03,TQM,0.10345864505778543
    2024-05-03,WAA,0.062456099426304326
    2024-05-10,ATW,0.08682807422916937
    2024-05-10,BOA,0.06129507999005914
    2024-05-10,CDM,0.06848567175380316
    2024-05-10,CIH,0.06869876590022655
    2024-05-10,CSR,0.05368918762756347
    2024-05-10,GAZ,0.07602331016646657
    2024-05-10,HPS,-0.03724405427118372
    2024-05-10,IAM,0.11759562027162634
    2024-05-10,LBV,0.03118719809549312
    2024-05-10,LHF,0.11729382742484198
    2024-05-10,LSE,-0.01796912367861368
    2024-05-10,MNG,0.0554747289451959
    2024-05-10,SID,0.1503170500082995
    2024-05-10,TQM,0.10492427049304438
    2024-05-10,WAA,0.0634003930440077
    2024-05-17,ATW,0.08909209577517799
    2024-05-17,BOA,0.06141374492439692
    2024-05-17,CDM,0.06575034851579492
    2024-05-17,CIH,0.06809390106472142
    2024-05-17,CSR,0.0504320218471471
    2024-05-17,GAZ,0.07379026292439207
    2024-05-17,HPS,-0.02976576126603716
    2024-05-17,IAM,0.1036769149838393
    2024-05-17,LBV,0.04147914438037687
    2024-05-17,LHF,0.1075004641125364
    2024-05-17,LSE,-0.020066014798580892
    2024-05-17,MNG,0.05945987163796382
    2024-05-17,SID,0.1573738101708655
    2024-05-17,TQM,0.1039777197997541
    2024-05-17,WAA,0.06779147592765161
    2024-05-24,ATW,0.08864237209999752
    2024-05-24,BOA,0.06115377011581988
    2024-05-24,CDM,0.06019354295378972
    2024-05-24,CIH,0.06763967391672006
    2024-05-24,CSR,0.04692184285339193
    2024-05-24,GAZ,0.07491394748972813
    2024-05-24,HPS,-0.02952518270756594
    2024-05-24,IAM,0.10396042212466108
    2024-05-24,LBV,0.043592993754924814
    2024-05-24,LHF,0.10874768579621108
    2024-05-24,LSE,-0.01996599636477257
    2024-05-24,MNG,0.06545861960153362
    2024-05-24,SID,0.15309239351952328
    2024-05-24,TQM,0.10873443699122615
    2024-05-24,WAA,0.06643947785481125
    2024-05-31,ATW,0.08251256389159543
    2024-05-31,BOA,0.06343405530922903
    2024-05-31,CDM,0.054625580268807074
    2024-05-31,CIH,0.05585195573256984
    2024-05-31,CSR,0.04735395363204472
    2024-05-31,GAZ,0.07853166413871342
    2024-05-31,HPS,-0.01878860098124364
    2024-05-31,IAM,0.09986305644504014
    2024-05-31,LBV,0.04344649987616777
    2024-05-31,LHF,0.11151165520228537
    2024-05-31,LSE,-0.021160069966690058
    2024-05-31,MNG,0.07775855568682152
    2024-05-31,SID,0.15495287592142395
    2024-05-31,TQM,0.10728269671487231
    2024-05-31,WAA,0.06282355812836313
    2024-06-07,ATW,0.08343099523500044
    2024-06-07,BOA,0.06417532971366526
    2024-06-07,CDM,0.05568673494118545
    2024-06-07,CIH,0.05705676901306881
    2024-06-07,CSR,0.0505869382437408
    2024-06-07,GAZ,0.07883393591364334
    2024-06-07,HPS,-0.027573238287498275
    2024-06-07,IAM,0.10237282889479607
    2024-06-07,LBV,0.0440492962646445
    2024-06-07,LHF,0.10550837432068903
    2024-06-07,LSE,-0.021804808775362287
    2024-06-07,MNG,0.07686274963240394
    2024-06-07,SID,0.16269062758206582
    2024-06-07,TQM,0.10889439268557624
    2024-06-07,WAA,0.0592290746223807
    2024-06-14,ATW,0.08289526080821322
    2024-06-14,BOA,0.06571847564184614
    2024-06-14,CDM,0.05671091979422656
    2024-06-14,CIH,0.05698519295366911
    2024-06-14,CSR,0.05021236699174915
    2024-06-14,GAZ,0.07878581176022997
    2024-06-14,HPS,-0.02891139054340383
    2024-06-14,IAM,0.10123746077055988
    2024-06-14,LBV,0.04457110439013871
    2024-06-14,LHF,0.10502883602208246
    2024-06-14,LSE,-0.021667911641926833
    2024-06-14,MNG,0.07446209058797434
    2024-06-14,SID,0.16472607007512377
    2024-06-14,TQM,0.10814465773701257
    2024-06-14,WAA,0.06110105465250477
    2024-06-21,ATW,0.08704269948083047
    2024-06-21,BOA,0.06622771485031517
    2024-06-21,CDM,0.04654949792992366
    2024-06-21,CIH,0.05895053506474789
    2024-06-21,CSR,0.04604600643872232
    2024-06-21,GAZ,0.07523304036501052
    2024-06-21,HPS,-0.04296793533233876
    2024-06-21,IAM,0.0785765737692742
    2024-06-21,LBV,0.04109163506798707
    2024-06-21,LHF,0.10615943235358719
    2024-06-21,LSE,-0.024414696561278572
    2024-06-21,MNG,0.09608386582890537
    2024-06-21,SID,0.18546922644305594
    2024-06-21,TQM,0.12022532202358824
    2024-06-21,WAA,0.059727082277669354
    2024-06-28,ATW,0.08713357596963413
    2024-06-28,BOA,0.0667646587023845
    2024-06-28,CDM,0.04642985512483986
    2024-06-28,CIH,0.058923703540023374
    2024-06-28,CSR,0.04621970226625562
    2024-06-28,GAZ,0.07495692869701301
    2024-06-28,HPS,-0.042870832186290966
    2024-06-28,IAM,0.07896385807643827
    2024-06-28,LBV,0.04068281859327492
    2024-06-28,LHF,0.10624876144871061
    2024-06-28,LSE,-0.024423242100073662
    2024-06-28,MNG,0.09559754285130095
    2024-06-28,SID,0.18555073932149782
    2024-06-28,TQM,0.12004486766060449
    2024-06-28,WAA,0.05977706203438713
    2024-07-05,ATW,0.09110296759575633
    2024-07-05,BOA,0.06901467781909916
    2024-07-05,CDM,0.05210353761975631
    2024-07-05,CIH,0.06126305249320303
    2024-07-05,CSR,0.046799408937337424
    2024-07-05,GAZ,0.054716452487038075
    2024-07-05,HPS,-0.043386689110078036
    2024-07-05,IAM,0.08500787802002288
    2024-07-05,LBV,0.05101522499881153
    2024-07-05,LHF,0.10010541209491199
    2024-07-05,LSE,-0.013697079894450983
    2024-07-05,MNG,0.10119111358770565
    2024-07-05,SID,0.18548226922351016
    2024-07-05,TQM,0.10161256230901601
    2024-07-05,WAA,0.057669211818360364
    2024-07-12,ATW,0.09514360627684779
    2024-07-12,BOA,0.06755428965190914
    2024-07-12,CDM,0.051081690575084535
    2024-07-12,CIH,0.061126635935636456
    2024-07-12,CSR,0.048190191183469455
    2024-07-12,GAZ,0.06065887513961641
    2024-07-12,HPS,-0.04966870247704566
    2024-07-12,IAM,0.08232624746783952
    2024-07-12,LBV,0.0478319144485716
    2024-07-12,LHF,0.0980205011151473
    2024-07-12,LSE,-0.020935305934584616
    2024-07-12,MNG,0.10166152689436528
    2024-07-12,SID,0.19196916934786692
    2024-07-12,TQM,0.09889424791239257
    2024-07-12,WAA,0.06614511246288333
    2024-07-19,ATW,0.09477088425233265
    2024-07-19,BOA,0.0806295743095757
    2024-07-19,CDM,0.01324720138880802
    2024-07-19,CIH,0.05929237021544909
    2024-07-19,CSR,0.03673068579059383
    2024-07-19,GAZ,0.06665143620584403
    2024-07-19,HPS,-0.047604210949651254
    2024-07-19,IAM,0.10031752835219065
    2024-07-19,LBV,0.05009358853199238
    2024-07-19,LHF,0.1154513711763885
    2024-07-19,LSE,-0.036673017717987345
    2024-07-19,MNG,0.11062552122659298
    2024-07-19,SID,0.19654588684909516
    2024-07-19,TQM,0.09583597910903897
    2024-07-19,WAA,0.06408520125973671
    2024-07-26,ATW,0.09904503565598914
    2024-07-26,BOA,0.07291051447281939
    2024-07-26,CDM,0.019821333897822205
    2024-07-26,CIH,0.06543615074423183
    2024-07-26,CSR,0.031034415829384352
    2024-07-26,GAZ,0.055524249569505066
    2024-07-26,HPS,-0.05014631261830468
    2024-07-26,IAM,0.09341954296881605
    2024-07-26,LBV,0.053759048952182545
    2024-07-26,LHF,0.11635864507995691
    2024-07-26,LSE,-0.03836599045118687
    2024-07-26,MNG,0.11174511718936958
    2024-07-26,SID,0.2118904238969624
    2024-07-26,TQM,0.0931324458438548
    2024-07-26,WAA,0.06443537896859729
    2024-08-02,ATW,0.10232251538598071
    2024-08-02,BOA,0.07932893962257581
    2024-08-02,CDM,0.015385879821844806
    2024-08-02,CIH,0.06670862497659102
    2024-08-02,CSR,0.020785568763768487
    2024-08-02,GAZ,0.04894345622343643
    2024-08-02,HPS,-0.04870788591484781
    2024-08-02,IAM,0.07959905681293931
    2024-08-02,LBV,0.0550529540415836
    2024-08-02,LHF,0.12110569970134248
    2024-08-02,LSE,-0.038138600168773414
    2024-08-02,MNG,0.12192418920520208
    2024-08-02,SID,0.21839468008744425
    2024-08-02,TQM,0.09174891774999641
    2024-08-02,WAA,0.06554600369091577
    2024-08-09,ATW,0.10364944135246726
    2024-08-09,BOA,0.0740896803792245
    2024-08-09,CDM,0.024801232303574738
    2024-08-09,CIH,0.06859086342185038
    2024-08-09,CSR,0.019288068542859742
    2024-08-09,GAZ,0.05292398475913114
    2024-08-09,HPS,-0.04975070812873901
    2024-08-09,IAM,0.07947533956802491
    2024-08-09,LBV,0.05885247370444055
    2024-08-09,LHF,0.11264774403173015
    2024-08-09,LSE,-0.035560686553610485
    2024-08-09,MNG,0.12364411507023368
    2024-08-09,SID,0.205002850211832
    2024-08-09,TQM,0.09469241319976297
    2024-08-09,WAA,0.06765318813721746
    2024-08-16,ATW,0.10354178631115683
    2024-08-16,BOA,0.07020557139690921
    2024-08-16,CDM,0.014937650063641155
    2024-08-16,CIH,0.07044043579013297
    2024-08-16,CSR,0.020446931873606234
    2024-08-16,GAZ,0.0631216664580861
    2024-08-16,HPS,-0.04939686371501554
    2024-08-16,IAM,0.0792860525214268
    2024-08-16,LBV,0.06182270855991133
    2024-08-16,LHF,0.11297634217642397
    2024-08-16,LSE,-0.03344325141587813
    2024-08-16,MNG,0.11946883978787579
    2024-08-16,SID,0.20285591572016817
    2024-08-16,TQM,0.10431494212428358
    2024-08-16,WAA,0.059421272347271376
    2024-08-23,ATW,0.10175079142914747
    2024-08-23,BOA,0.06815111266918679
    2024-08-23,CDM,0.014694207729407128
    2024-08-23,CIH,0.07065949528420115
    2024-08-23,CSR,0.0221728758041038
    2024-08-23,GAZ,0.06568069501683874
    2024-08-23,HPS,-0.04488053103538015
    2024-08-23,IAM,0.08084701609908079
    2024-08-23,LBV,0.06080573357237623
    2024-08-23,LHF,0.1134543899148216
    2024-08-23,LSE,-0.0343472383466825
    2024-08-23,MNG,0.11781560523367154
    2024-08-23,SID,0.201237937816005
    2024-08-23,TQM,0.10196333906986906
    2024-08-23,WAA,0.059994569743353446
    2024-08-30,ATW,0.10256532797293968
    2024-08-30,BOA,0.06861882499808555
    2024-08-30,CDM,0.014782127636809925
    2024-08-30,CIH,0.06933205168426072
    2024-08-30,CSR,0.021641006995894416
    2024-08-30,GAZ,0.06438071670837403
    2024-08-30,HPS,-0.04559944668915011
    2024-08-30,IAM,0.08198333539374307
    2024-08-30,LBV,0.06129003831182545
    2024-08-30,LHF,0.11350236008653707
    2024-08-30,LSE,-0.03434230295659567
    2024-08-30,MNG,0.1170617949711623
    2024-08-30,SID,0.20064782949974
    2024-08-30,TQM,0.10403678167880173
    2024-08-30,WAA,0.06009955370757192
    2024-09-06,ATW,0.10374786979516601
    2024-09-06,BOA,0.06467005798572978
    2024-09-06,CDM,0.010260402766325238
    2024-09-06,CIH,0.07511900295761137
    2024-09-06,CSR,0.018210576695234966
    2024-09-06,GAZ,0.06210862086758809
    2024-09-06,HPS,-0.03400518347623229
    2024-09-06,IAM,0.07976069149719815
    2024-09-06,LBV,0.058469109796072866
    2024-09-06,LHF,0.10745749423272329
    2024-09-06,LSE,-0.0344400731543214
    2024-09-06,MNG,0.12222193223754481
    2024-09-06,SID,0.20076166884252808
    2024-09-06,TQM,0.10092034315504196
    2024-09-06,WAA,0.06473748580178913
    2024-09-13,ATW,0.10083029011182797
    2024-09-13,BOA,0.06344927708372548
    2024-09-13,CDM,0.002830371630765253
    2024-09-13,CIH,0.07793874352570038
    2024-09-13,CSR,0.016519667330177172
    2024-09-13,GAZ,0.06601639497645322
    2024-09-13,HPS,-0.032415762945545656
    2024-09-13,IAM,0.08177796716722802
    2024-09-13,LBV,0.06141821972805189
    2024-09-13,LHF,0.10506240363369491
    2024-09-13,LSE,-0.016727632526032307
    2024-09-13,MNG,0.12996167846596196
    2024-09-13,SID,0.19586954479455543
    2024-09-13,TQM,0.09310249450661992
    2024-09-13,WAA,0.0543663425168163
    2024-09-20,ATW,0.1039389285409495
    2024-09-20,BOA,0.06609862862293256
    2024-09-20,CDM,-0.005376991588837917
    2024-09-20,CIH,0.07523279771112124
    2024-09-20,CSR,0.020631490672203424
    2024-09-20,GAZ,0.07358185354696863
    2024-09-20,HPS,-0.03702970424730693
    2024-09-20,IAM,0.08460727412543721
    2024-09-20,LBV,0.06305493312105255
    2024-09-20,LHF,0.09533889531266496
    2024-09-20,LSE,-0.019289612184957353
    2024-09-20,MNG,0.12944213824714354
    2024-09-20,SID,0.1904936114289895
    2024-09-20,TQM,0.09912136442334538
    2024-09-20,WAA,0.0601543922682939
    2024-09-27,ATW,0.10188111057808079
    2024-09-27,BOA,0.055901054982925184
    2024-09-27,CDM,0.007533083264262591
    2024-09-27,CIH,0.08107544067969617
    2024-09-27,CSR,0.033646019188377764
    2024-09-27,GAZ,0.07040382825197931
    2024-09-27,HPS,-0.03743521520104942
    2024-09-27,IAM,0.09312254675054366
    2024-09-27,LBV,0.06553197828776344
    2024-09-27,LHF,0.09758961329348975
    2024-09-27,LSE,-0.01785217037587495
    2024-09-27,MNG,0.1223472110926056
    2024-09-27,SID,0.18004863144172212
    2024-09-27,TQM,0.09080244009857324
    2024-09-27,WAA,0.05540442766690457
    2024-10-04,ATW,0.0996992109753205
    2024-10-04,BOA,0.057518823883529385
    2024-10-04,CDM,0.009790399779198619
    2024-10-04,CIH,0.0708681003116
    2024-10-04,CSR,0.03303678733985872
    2024-10-04,GAZ,0.06368699189049373
    2024-10-04,HPS,-0.029158925037084737
    2024-10-04,IAM,0.09279951227539104
    2024-10-04,LBV,0.06185523926580604
    2024-10-04,LHF,0.08843221991194827
    2024-10-04,LSE,-0.016675170680237373
    2024-10-04,MNG,0.10675983328016168
    2024-10-04,SID,0.17875379482551781
    2024-10-04,TQM,0.11589836001749786
    2024-10-04,WAA,0.06673482196099842
    2024-10-11,ATW,0.12436217347387969
    2024-10-11,BOA,0.06159148694499873
    2024-10-11,CDM,-0.011658835471861794
    2024-10-11,CIH,0.07512834254134905
    2024-10-11,CSR,0.03643682405633532
    2024-10-11,GAZ,0.06117879406238493
    2024-10-11,HPS,-0.05231914039276317
    2024-10-11,IAM,0.1179396114223877
    2024-10-11,LBV,0.07878325947137979
    2024-10-11,LHF,0.06513982500599824
    2024-10-11,LSE,-0.022118672035955488
    2024-10-11,MNG,0.10843362275788479
    2024-10-11,SID,0.15952440231044138
    2024-10-11,TQM,0.11179638507450444
    2024-10-11,WAA,0.08578192077903621
    2024-10-18,ATW,0.11842379706306677
    2024-10-18,BOA,0.06153027656959037
    2024-10-18,CDM,-0.01096589873699698
    2024-10-18,CIH,0.07665736099251386
    2024-10-18,CSR,0.031010553325483244
    2024-10-18,GAZ,0.057662420732758624
    2024-10-18,HPS,0.0031326596777958493
    2024-10-18,IAM,0.11430642776275077
    2024-10-18,LBV,0.0765381290306457
    2024-10-18,LHF,0.062193372882171145
    2024-10-18,LSE,-0.021091037761641257
    2024-10-18,MNG,0.10374306121199915
    2024-10-18,SID,0.1449525822113102
    2024-10-18,TQM,0.1017086054445107
    2024-10-18,WAA,0.08019768959404171
    2024-10-25,ATW,0.1167748185351074
    2024-10-25,BOA,0.060237371309919414
    2024-10-25,CDM,-0.006050040789266097
    2024-10-25,CIH,0.07740532558881418
    2024-10-25,CSR,0.031248417629385718
    2024-10-25,GAZ,0.05453092802426446
    2024-10-25,HPS,0.0037807508917842916
    2024-10-25,IAM,0.10935578212979026
    2024-10-25,LBV,0.07593171998310473
    2024-10-25,LHF,0.06635184327768362
    2024-10-25,LSE,-0.022311646787543174
    2024-10-25,MNG,0.09926528387444872
    2024-10-25,SID,0.14994134720777705
    2024-10-25,TQM,0.10399693980391922
    2024-10-25,WAA,0.07954115932081011
    2024-11-01,ATW,0.12130955303586666
    2024-11-01,BOA,0.05840677725169738
    2024-11-01,CDM,0.01111964074768328
    2024-11-01,CIH,0.07917154709660268
    2024-11-01,CSR,0.03338193213622245
    2024-11-01,GAZ,0.052265128022121014
    2024-11-01,HPS,-0.004010221279052407
    2024-11-01,IAM,0.10166853300933082
    2024-11-01,LBV,0.08099656312051647
    2024-11-01,LHF,0.062375760390132234
    2024-11-01,LSE,-0.021850068901840342
    2024-11-01,MNG,0.09995678673222567
    2024-11-01,SID,0.14732641592668347
    2024-11-01,TQM,0.10402827351399664
    2024-11-01,WAA,0.07385337919781387
    2024-11-08,ATW,0.12221107531239386
    2024-11-08,BOA,0.060232325257233675
    2024-11-08,CDM,0.015786136834149818
    2024-11-08,CIH,0.08053539204320612
    2024-11-08,CSR,0.0336222548126322
    2024-11-08,GAZ,0.05132330405951301
    2024-11-08,HPS,-0.004307766676400303
    2024-11-08,IAM,0.09736252421988519
    2024-11-08,LBV,0.07636295025981826
    2024-11-08,LHF,0.06463040966998344
    2024-11-08,LSE,-0.021257251133381744
    2024-11-08,MNG,0.09624150390777039
    2024-11-08,SID,0.15869077561957426
    2024-11-08,TQM,0.09967805244393209
    2024-11-08,WAA,0.06888831336968981
    2024-11-15,ATW,0.11688227708901235
    2024-11-15,BOA,0.054034368761106226
    2024-11-15,CDM,0.04698588087554415
    2024-11-15,CIH,0.07551860270839432
    2024-11-15,CSR,0.028879426889225283
    2024-11-15,GAZ,0.040947854048336285
    2024-11-15,HPS,0.003907007015274014
    2024-11-15,IAM,0.09503000218094444
    2024-11-15,LBV,0.06882484883926068
    2024-11-15,LHF,0.0667000183137468
    2024-11-15,LSE,-0.009710579992388701
    2024-11-15,MNG,0.09776145824944267
    2024-11-15,SID,0.1713590901624874
    2024-11-15,TQM,0.07119958242078504
    2024-11-15,WAA,0.07168016243882913
    2024-11-22,ATW,0.12085890633947625
    2024-11-22,BOA,0.062460443078017056
    2024-11-22,CDM,0.04610417662983525
    2024-11-22,CIH,0.07713787039123317
    2024-11-22,CSR,0.02734454746435578
    2024-11-22,GAZ,0.0467845286043598
    2024-11-22,HPS,-0.0009493663941227305
    2024-11-22,IAM,0.08322632678265518
    2024-11-22,LBV,0.07016434536878337
    2024-11-22,LHF,0.07929547243097436
    2024-11-22,LSE,-0.016243050417984146
    2024-11-22,MNG,0.1030060418020933
    2024-11-22,SID,0.16800235776964625
    2024-11-22,TQM,0.06116121949433543
    2024-11-22,WAA,0.07164618065634154
    2024-11-29,ATW,0.12083183906383518
    2024-11-29,BOA,0.0628638053473486
    2024-11-29,CDM,0.046040900143876726
    2024-11-29,CIH,0.07791924720303574
    2024-11-29,CSR,0.0269929248542357
    2024-11-29,GAZ,0.04612118808236114
    2024-11-29,HPS,-0.0012354101531808594
    2024-11-29,IAM,0.08361553347883312
    2024-11-29,LBV,0.07041204033750376
    2024-11-29,LHF,0.0798255369035522
    2024-11-29,LSE,-0.01626932234204499
    2024-11-29,MNG,0.10317097646352834
    2024-11-29,SID,0.16691781460096725
    2024-11-29,TQM,0.060602965821792566
    2024-11-29,WAA,0.07218996019435563
    2024-12-06,ATW,0.12703580084056784
    2024-12-06,BOA,0.0632122536977175
    2024-12-06,CDM,0.044853278510911976
    2024-12-06,CIH,0.0774390754504941
    2024-12-06,CSR,0.026866805486031677
    2024-12-06,GAZ,0.043809738404108935
    2024-12-06,HPS,-0.001961819080661425
    2024-12-06,IAM,0.08622577359249825
    2024-12-06,LBV,0.06951191796016087
    2024-12-06,LHF,0.0871762036181569
    2024-12-06,LSE,-0.02193406477611531
    2024-12-06,MNG,0.10441572514096187
    2024-12-06,SID,0.16493478979054932
    2024-12-06,TQM,0.056171098619551975
    2024-12-06,WAA,0.07224342274506548
    2024-12-13,ATW,0.1281082474961746
    2024-12-13,BOA,0.06693662394489375
    2024-12-13,CDM,0.04529939085486047
    2024-12-13,CIH,0.08061791159596768
    2024-12-13,CSR,0.028526908459864993
    2024-12-13,GAZ,0.047147408920803484
    2024-12-13,HPS,-0.0003080074498339299
    2024-12-13,IAM,0.08242339162226173
    2024-12-13,LBV,0.06936686401047211
    2024-12-13,LHF,0.08851047793438097
    2024-12-13,LSE,-0.021817655943714223
    2024-12-13,MNG,0.10526118340527725
    2024-12-13,SID,0.15598184024303227
    2024-12-13,TQM,0.05112250567832379
    2024-12-13,WAA,0.072822909227235
    2024-12-20,ATW,0.13522715558051546
    2024-12-20,BOA,0.06371052681152028
    2024-12-20,CDM,0.044832216479141006
    2024-12-20,CIH,0.07843267550424372
    2024-12-20,CSR,0.03289101835874011
    2024-12-20,GAZ,0.04177711417410083
    2024-12-20,HPS,-0.0015436487951136222
    2024-12-20,IAM,0.07687810881618996
    2024-12-20,LBV,0.06944500561545856
    2024-12-20,LHF,0.08965723038307088
    2024-12-20,LSE,-0.023508291273402527
    2024-12-20,MNG,0.1125209699215605
    2024-12-20,SID,0.16071628956022657
    2024-12-20,TQM,0.043761945299676426
    2024-12-20,WAA,0.07520168356407184
    2024-12-27,ATW,0.13523388890078164
    2024-12-27,BOA,0.06322022202348675
    2024-12-27,CDM,0.04549251870831699
    2024-12-27,CIH,0.07875468860568428
    2024-12-27,CSR,0.032946143362593994
    2024-12-27,GAZ,0.04186997524734416
    2024-12-27,HPS,-0.002032949575549757
    2024-12-27,IAM,0.07725483156155638
    2024-12-27,LBV,0.0696847316664263
    2024-12-27,LHF,0.08989848082767928
    2024-12-27,LSE,-0.024025907312618305
    2024-12-27,MNG,0.11194008965112384
    2024-12-27,SID,0.16046808969439777
    2024-12-27,TQM,0.04363770702221075
    2024-12-27,WAA,0.07565748961656603
    2025-01-03,ATW,0.12992420792932438
    2025-01-03,BOA,0.05620857730307027
    2025-01-03,CDM,0.06987295358066271
    2025-01-03,CIH,0.07645620725741613
    2025-01-03,CSR,0.026553366410310357
    2025-01-03,GAZ,0.03195292424584316
    2025-01-03,HPS,-0.003531113046532812
    2025-01-03,IAM,0.07933080770994534
    2025-01-03,LBV,0.06782868221439353
    2025-01-03,LHF,0.08311589631113876
    2025-01-03,LSE,-0.024996438832487224
    2025-01-03,MNG,0.1271732616519774
    2025-01-03,SID,0.15133726454172325
    2025-01-03,TQM,0.05666723068225351
    2025-01-03,WAA,0.07210617204096127
    2025-01-10,ATW,0.1243722082296055
    2025-01-10,BOA,0.059461469317402045
    2025-01-10,CDM,0.05981519070928432
    2025-01-10,CIH,0.0686337020708821
    2025-01-10,CSR,0.038896566783853566
    2025-01-10,GAZ,0.03312854577942265
    2025-01-10,HPS,0.04961284811271537
    2025-01-10,IAM,0.06850265734354492
    2025-01-10,LBV,0.06650147145386259
    2025-01-10,LHF,0.07528019086443931
    2025-01-10,LSE,-0.016972496525680895
    2025-01-10,MNG,0.08277035211548156
    2025-01-10,SID,0.17597646043438653
    2025-01-10,TQM,0.05921644879004855
    2025-01-10,WAA,0.054804384520751814
    2025-01-17,ATW,0.11839087111158775
    2025-01-17,BOA,0.05837735269663233
    2025-01-17,CDM,0.06574293256351421
    2025-01-17,CIH,0.06896962237904875
    2025-01-17,CSR,0.04316517584466277
    2025-01-17,GAZ,0.022460542380338674
    2025-01-17,HPS,0.06075482648238578
    2025-01-17,IAM,0.07051907827238993
    2025-01-17,LBV,0.0632009346548136
    2025-01-17,LHF,0.0700245144080971
    2025-01-17,LSE,-0.022168117800843355
    2025-01-17,MNG,0.10837512386322212
    2025-01-17,SID,0.16821511888590715
    2025-01-17,TQM,0.0536673353683485
    2025-01-17,WAA,0.05030468888989457
    2025-01-24,ATW,0.11789135054546682
    2025-01-24,BOA,0.052183208001434854
    2025-01-24,CDM,0.06660660825082877
    2025-01-24,CIH,0.07206637451435141
    2025-01-24,CSR,0.04652001945371533
    2025-01-24,GAZ,0.025579088386093452
    2025-01-24,HPS,0.06060661833887488
    2025-01-24,IAM,0.07247575089530753
    2025-01-24,LBV,0.0601570135949393
    2025-01-24,LHF,0.06913999824586825
    2025-01-24,LSE,-0.024914046407795133
    2025-01-24,MNG,0.11454121951888077
    2025-01-24,SID,0.1606977660923109
    2025-01-24,TQM,0.0511914002101218
    2025-01-24,WAA,0.05525763035960095
    2025-01-31,ATW,0.11783887652106291
    2025-01-31,BOA,0.054628065208650184
    2025-01-31,CDM,0.06473472982770904
    2025-01-31,CIH,0.06978853792914307
    2025-01-31,CSR,0.043932799362269716
    2025-01-31,GAZ,0.022995480262127554
    2025-01-31,HPS,0.05963241128799942
    2025-01-31,IAM,0.0734133419427581
    2025-01-31,LBV,0.06057111741912061
    2025-01-31,LHF,0.06879803757821161
    2025-01-31,LSE,-0.024964848415190977
    2025-01-31,MNG,0.12039309612577566
    2025-01-31,SID,0.16121540732622086
    2025-01-31,TQM,0.049945941862342545
    2025-01-31,WAA,0.057077005761799644
    2025-02-07,ATW,0.11383090133552357
    2025-02-07,BOA,0.05250959406206679
    2025-02-07,CDM,0.06874797383208174
    2025-02-07,CIH,0.07536946981503585
    2025-02-07,CSR,0.03880522724980104
    2025-02-07,GAZ,0.0254753734878921
    2025-02-07,HPS,0.057989154506968045
    2025-02-07,IAM,0.091982196759783
    2025-02-07,LBV,0.05431262993665709
    2025-02-07,LHF,0.06300921203620391
    2025-02-07,LSE,-0.020912538955690427
    2025-02-07,MNG,0.12395413259691898
    2025-02-07,SID,0.15802503272361643
    2025-02-07,TQM,0.043663274657724294
    2025-02-07,WAA,0.053238365955417616
    2025-02-14,ATW,0.10557287474438667
    2025-02-14,BOA,0.051126858787816254
    2025-02-14,CDM,0.0590628040098151
    2025-02-14,CIH,0.06658201071942092
    2025-02-14,CSR,0.04343589623810124
    2025-02-14,GAZ,0.02850420579562995
    2025-02-14,HPS,0.05791664734818971
    2025-02-14,IAM,0.09708857740309074
    2025-02-14,LBV,0.05164491033966009
    2025-02-14,LHF,0.05882417004750179
    2025-02-14,LSE,-0.014618380698045974
    2025-02-14,MNG,0.12597242100346648
    2025-02-14,SID,0.1702068320049375
    2025-02-14,TQM,0.04954984150312586
    2025-02-14,WAA,0.04913033075290372
    2025-02-21,ATW,0.10800060511778238
    2025-02-21,BOA,0.04643465708422559
    2025-02-21,CDM,0.06204903552579724
    2025-02-21,CIH,0.06425133894597064
    2025-02-21,CSR,0.03983930503953146
    2025-02-21,GAZ,0.0328986092470187
    2025-02-21,HPS,0.05993739189572192
    2025-02-21,IAM,0.08458210884206215
    2025-02-21,LBV,0.05528185598567736
    2025-02-21,LHF,0.05870953737985525
    2025-02-21,LSE,-0.01710152212058344
    2025-02-21,MNG,0.1314646451429578
    2025-02-21,SID,0.1719777330507319
    2025-02-21,TQM,0.05233861106191013
    2025-02-21,WAA,0.04933608780134106
    2025-02-28,ATW,0.11629035335100515
    2025-02-28,BOA,0.04486758635239225
    2025-02-28,CDM,0.07451677141999477
    2025-02-28,CIH,0.05452508996189107
    2025-02-28,CSR,0.03850044916073376
    2025-02-28,GAZ,0.05200745187775962
    2025-02-28,HPS,0.02822498224582091
    2025-02-28,IAM,0.0682645055464351
    2025-02-28,LBV,0.015526779808236559
    2025-02-28,LHF,0.04817371051136511
    2025-02-28,LSE,-0.01774450875957245
    2025-02-28,MNG,0.14107864944833348
    2025-02-28,SID,0.2195085953031716
    2025-02-28,TQM,0.07468554172730282
    2025-02-28,WAA,0.0415740420451303
    2025-03-07,ATW,0.12259613791615395
    2025-03-07,BOA,0.046368016277878274
    2025-03-07,CDM,0.08596217956550307
    2025-03-07,CIH,0.054921474150416254
    2025-03-07,CSR,0.034557321236629815
    2025-03-07,GAZ,0.07355736408508143
    2025-03-07,HPS,0.014712077391085428
    2025-03-07,IAM,0.04254132777561729
    2025-03-07,LBV,0.004942141260669987
    2025-03-07,LHF,0.047417526713060515
    2025-03-07,LSE,-0.010612523689394747
    2025-03-07,MNG,0.14249704929939322
    2025-03-07,SID,0.2293384337755261
    2025-03-07,TQM,0.07445319305219307
    2025-03-07,WAA,0.03674828119018637
    2025-03-14,ATW,0.12143638245947554
    2025-03-14,BOA,0.04859861793036552
    2025-03-14,CDM,0.08428287145038724
    2025-03-14,CIH,0.05617965645190989
    2025-03-14,CSR,0.03618411585548688
    2025-03-14,GAZ,0.07007592486498979
    2025-03-14,HPS,0.02177751110362897
    2025-03-14,IAM,0.044360984744208826
    2025-03-14,LBV,0.010023885272268176
    2025-03-14,LHF,0.048557377718986994
    2025-03-14,LSE,-0.006623134105490503
    2025-03-14,MNG,0.1357559300303495
    2025-03-14,SID,0.22231792936997832
    2025-03-14,TQM,0.07234420450385144
    2025-03-14,WAA,0.034727742349603366
    2025-03-21,ATW,0.11754778415381892
    2025-03-21,BOA,0.04745963743180917
    2025-03-21,CDM,0.07805787195174405
    2025-03-21,CIH,0.056231476878892364
    2025-03-21,CSR,0.03775475323653516
    2025-03-21,GAZ,0.07073092423023461
    2025-03-21,HPS,0.022843095509320066
    2025-03-21,IAM,0.04432066012777912
    2025-03-21,LBV,0.010191984411919909
    2025-03-21,LHF,0.049010597623404324
    2025-03-21,LSE,-0.006629635021799476
    2025-03-21,MNG,0.13727219698626694
    2025-03-21,SID,0.22801400515835735
    2025-03-21,TQM,0.07359620516329977
    2025-03-21,WAA,0.0335984421584179
    2025-03-28,ATW,0.08778957941130382
    2025-03-28,BOA,0.040062755357832866
    2025-03-28,CDM,0.06319995588367396
    2025-03-28,CIH,0.03300736910842249
    2025-03-28,CSR,0.038288679756440805
    2025-03-28,GAZ,0.055374529671700236
    2025-03-28,HPS,0.010636873234307983
    2025-03-28,IAM,0.03612630372476959
    2025-03-28,LBV,0.040579526851874444
    2025-03-28,LHF,0.038627767161849715
    2025-03-28,LSE,0.018592707673087204
    2025-03-28,MNG,0.15336335410790505
    2025-03-28,SID,0.23708571336606324
    2025-03-28,TQM,0.09901997861177915
    2025-03-28,WAA,0.04824490607898946
    2025-04-04,ATW,0.08859792273721045
    2025-04-04,BOA,0.03852128071912271
    2025-04-04,CDM,0.06362941020739436
    2025-04-04,CIH,0.0288048550123086
    2025-04-04,CSR,0.041158099350770826
    2025-04-04,GAZ,0.049716501204012865
    2025-04-04,HPS,0.011240735331207691
    2025-04-04,IAM,0.041747179917958566
    2025-04-04,LBV,0.040074553371300455
    2025-04-04,LHF,0.03650364540676652
    2025-04-04,LSE,0.018479914840094203
    2025-04-04,MNG,0.1501621373965318
    2025-04-04,SID,0.23258536465751106
    2025-04-04,TQM,0.10940183313832703
    2025-04-04,WAA,0.04937656670948281
    2025-04-11,ATW,0.08814199713678382
    2025-04-11,BOA,0.036867386625370764
    2025-04-11,CDM,0.07145028698743677
    2025-04-11,CIH,0.01852718021516677
    2025-04-11,CSR,0.043670455255100764
    2025-04-11,GAZ,0.04040478085978466
    2025-04-11,HPS,0.0178038800813788
    2025-04-11,IAM,0.04870840852646178
    2025-04-11,LBV,0.04807783857599177
    2025-04-11,LHF,0.034333041314337745
    2025-04-11,LSE,0.02333142606641395
    2025-04-11,MNG,0.1382961415498189
    2025-04-11,SID,0.21527036691356238
    2025-04-11,TQM,0.11930986174779477
    2025-04-11,WAA,0.0558069481445961
    2025-04-18,ATW,0.08368902293332445
    2025-04-18,BOA,0.051379388808204536
    2025-04-18,CDM,0.06246454446856063
    2025-04-18,CIH,0.039023835474266216
    2025-04-18,CSR,0.044826974240238904
    2025-04-18,GAZ,0.04484449662200676
    2025-04-18,HPS,0.023979817433798494
    2025-04-18,IAM,0.0530647889677751
    2025-04-18,LBV,0.04853013392842847
    2025-04-18,LHF,0.04921523278751617
    2025-04-18,LSE,0.019251815375836222
    2025-04-18,MNG,0.10492387985578405
    2025-04-18,SID,0.17564852604651945
    2025-04-18,TQM,0.12001849054571596
    2025-04-18,WAA,0.07913905251202455
    2025-04-25,ATW,0.07643458527126219
    2025-04-25,BOA,0.059458302831941694
    2025-04-25,CDM,0.0572081126843638
    2025-04-25,CIH,0.04029889229573783
    2025-04-25,CSR,0.05189416705229508
    2025-04-25,GAZ,0.033672999553220805
    2025-04-25,HPS,0.023346159320026483
    2025-04-25,IAM,0.05295818940965568
    2025-04-25,LBV,0.04688438630360886
    2025-04-25,LHF,0.05439434045018558
    2025-04-25,LSE,0.013943433906704657
    2025-04-25,MNG,0.08247160769098856
    2025-04-25,SID,0.17543497847673978
    2025-04-25,TQM,0.13825646406098482
    2025-04-25,WAA,0.09334338069228407
    2025-05-02,ATW,0.07647555013777989
    2025-05-02,BOA,0.06232797710173449
    2025-05-02,CDM,0.05640790653544177
    2025-05-02,CIH,0.039937881317862106
    2025-05-02,CSR,0.05459518663733128
    2025-05-02,GAZ,0.03339042752468329
    2025-05-02,HPS,0.021299936618167235
    2025-05-02,IAM,0.0529847610380127
    2025-05-02,LBV,0.045391630008284785
    2025-05-02,LHF,0.054077028161748156
    2025-05-02,LSE,0.014211672593111535
    2025-05-02,MNG,0.08223948950387185
    2025-05-02,SID,0.17176451657108624
    2025-05-02,TQM,0.139638329985805
    2025-05-02,WAA,0.09525770626507962
    2025-05-09,ATW,0.07539791296550978
    2025-05-09,BOA,0.06741065802917943
    2025-05-09,CDM,0.05581564486086814
    2025-05-09,CIH,0.039914043611723404
    2025-05-09,CSR,0.05366795502881812
    2025-05-09,GAZ,0.03458414341618447
    2025-05-09,HPS,0.021026877403584884
    2025-05-09,IAM,0.051898132746134806
    2025-05-09,LBV,0.046597340318591265
    2025-05-09,LHF,0.05365094095938711
    2025-05-09,LSE,0.014826620207035625
    2025-05-09,MNG,0.08072151747587253
    2025-05-09,SID,0.16828762088142132
    2025-05-09,TQM,0.13999298657393122
    2025-05-09,WAA,0.09620760552175785
    2025-05-16,ATW,0.07493702799867605
    2025-05-16,BOA,0.06748819926114304
    2025-05-16,CDM,0.056219037240511076
    2025-05-16,CIH,0.03973019414771544
    2025-05-16,CSR,0.05407625992527893
    2025-05-16,GAZ,0.03298622633741417
    2025-05-16,HPS,0.020731454261825984
    2025-05-16,IAM,0.05150490884118463
    2025-05-16,LBV,0.04803548458766289
    2025-05-16,LHF,0.05389501065261537
    2025-05-16,LSE,0.014532092603640202
    2025-05-16,MNG,0.08090400402271823
    2025-05-16,SID,0.1690349836576397
    2025-05-16,TQM,0.14027980383060787
    2025-05-16,WAA,0.0956453126313663
    2025-05-23,ATW,0.07493227273899332
    2025-05-23,BOA,0.06819476377515597
    2025-05-23,CDM,0.05624737116334728
    2025-05-23,CIH,0.03898155524439765
    2025-05-23,CSR,0.053349007978863223
    2025-05-23,GAZ,0.03296533186555699
    2025-05-23,HPS,0.020367416146457887
    2025-05-23,IAM,0.05064121264531245
    2025-05-23,LBV,0.04721772760052392
    2025-05-23,LHF,0.0538098345569765
    2025-05-23,LSE,0.014616681196933498
    2025-05-23,MNG,0.08042129921639853
    2025-05-23,SID,0.17205730664771315
    2025-05-23,TQM,0.14183531354902282
    2025-05-23,WAA,0.09436290567434684
    2025-05-30,ATW,0.07662345485751522
    2025-05-30,BOA,0.06574983677898011
    2025-05-30,CDM,0.05498353333483655
    2025-05-30,CIH,0.03790576993319814
    2025-05-30,CSR,0.052379516036644945
    2025-05-30,GAZ,0.034048774808563935
    2025-05-30,HPS,0.01870092865141735
    2025-05-30,IAM,0.04921816050505541
    2025-05-30,LBV,0.04504760176215742
    2025-05-30,LHF,0.05246229041282878
    2025-05-30,LSE,0.013929352432953408
    2025-05-30,MNG,0.0809161165729075
    2025-05-30,SID,0.1733782406560173
    2025-05-30,TQM,0.14829144315750245
    2025-05-30,WAA,0.09636498009942139
    2025-06-06,ATW,0.07542291069097919
    2025-06-06,BOA,0.06592428566548204
    2025-06-06,CDM,0.055098579345870195
    2025-06-06,CIH,0.038005656185996474
    2025-06-06,CSR,0.05205026698537834
    2025-06-06,GAZ,0.03427750461128636
    2025-06-06,HPS,0.01898390810671949
    2025-06-06,IAM,0.04887473301901698
    2025-06-06,LBV,0.04433728301475508
    2025-06-06,LHF,0.05304021033521786
    2025-06-06,LSE,0.013923032579192616
    2025-06-06,MNG,0.08149830626738551
    2025-06-06,SID,0.17318055511230082
    2025-06-06,TQM,0.1486848354888016
    2025-06-06,WAA,0.09669793259161745
    2025-06-13,ATW,0.07433917161218076
    2025-06-13,BOA,0.07681523112880063
    2025-06-13,CDM,0.05504591416657259
    2025-06-13,CIH,0.040085425243561484
    2025-06-13,CSR,0.056107930448384344
    2025-06-13,GAZ,0.03335357283266577
    2025-06-13,HPS,0.02241352632161981
    2025-06-13,IAM,0.04900408173539308
    2025-06-13,LBV,0.044029393654986954
    2025-06-13,LHF,0.05072129755020385
    2025-06-13,LSE,0.013190790867834775
    2025-06-13,MNG,0.07671164661459545
    2025-06-13,SID,0.17183700129328153
    2025-06-13,TQM,0.14274374915239402
    2025-06-13,WAA,0.09360126737752487
    2025-06-20,ATW,0.07345477672549376
    2025-06-20,BOA,0.07590880188854716
    2025-06-20,CDM,0.05549068332811403
    2025-06-20,CIH,0.040137487207246025
    2025-06-20,CSR,0.056984274826504464
    2025-06-20,GAZ,0.03192107502371141
    2025-06-20,HPS,0.023456739864328238
    2025-06-20,IAM,0.049952280737183635
    2025-06-20,LBV,0.04403016216410511
    2025-06-20,LHF,0.05122196311665649
    2025-06-20,LSE,0.012956913368123178
    2025-06-20,MNG,0.07578120579255498
    2025-06-20,SID,0.17129444624639317
    2025-06-20,TQM,0.1429684981062742
    2025-06-20,WAA,0.09444069160476415
    2025-06-30,ATW,0.07464140857822678
    2025-06-30,BOA,0.07599161009720529
    2025-06-30,CDM,0.0563108413148409
    2025-06-30,CIH,0.03940426049149938
    2025-06-30,CSR,0.05760086072710558
    2025-06-30,GAZ,0.030425845990281232
    2025-06-30,HPS,0.02472204509245198
    2025-06-30,IAM,0.04989223078852462
    2025-06-30,LBV,0.047782975490236676
    2025-06-30,LHF,0.05205176401109994
    2025-06-30,LSE,0.014347170690038918
    2025-06-30,MNG,0.07525930644263848
    2025-06-30,SID,0.16916206760280153
    2025-06-30,TQM,0.14216192162184413
    2025-06-30,WAA,0.09024569106120466
    2025-07-04,ATW,0.07457353606224579
    2025-07-04,BOA,0.0772772548340777
    2025-07-04,CDM,0.05562123037011071
    2025-07-04,CIH,0.03800884695849529
    2025-07-04,CSR,0.05699562572433268
    2025-07-04,GAZ,0.03049493689796118
    2025-07-04,HPS,0.027527933895744646
    2025-07-04,IAM,0.05017211283366103
    2025-07-04,LBV,0.04734502483188369
    2025-07-04,LHF,0.05207255170766413
    2025-07-04,LSE,0.016636814054954784
    2025-07-04,MNG,0.0752270721087131
    2025-07-04,SID,0.16787972967985185
    2025-07-04,TQM,0.139882964288686
    2025-07-04,WAA,0.09028436575161732
    2025-07-11,ATW,0.07428137525620629
    2025-07-11,BOA,0.07727893402238982
    2025-07-11,CDM,0.05499971384967969
    2025-07-11,CIH,0.03552280215275451
    2025-07-11,CSR,0.06180800263559666
    2025-07-11,GAZ,0.026477201851704657
    2025-07-11,HPS,0.030470762616162512
    2025-07-11,IAM,0.05265442825364952
    2025-07-11,LBV,0.044373787467014626
    2025-07-11,LHF,0.05299069841316206
    2025-07-11,LSE,0.01796685672867394
    2025-07-11,MNG,0.07599200847258364
    2025-07-11,SID,0.16506600011110104
    2025-07-11,TQM,0.13962873860584932
    2025-07-11,WAA,0.09048868956347166
    2025-07-18,ATW,0.07433268765332657
    2025-07-18,BOA,0.07273068948632014
    2025-07-18,CDM,0.061594073699856276
    2025-07-18,CIH,0.03669778487312786
    2025-07-18,CSR,0.06615904834434709
    2025-07-18,GAZ,0.030227652684103427
    2025-07-18,HPS,0.02958658486940735
    2025-07-18,IAM,0.05019950396952942
    2025-07-18,LBV,0.04632931131542565
    2025-07-18,LHF,0.05024023945555128
    2025-07-18,LSE,0.0206558138881343
    2025-07-18,MNG,0.07330435931822456
    2025-07-18,SID,0.1609782205649548
    2025-07-18,TQM,0.13739578683307047
    2025-07-18,WAA,0.08956824304462085
    2025-07-25,ATW,0.0754744214598942
    2025-07-25,BOA,0.07420328230701537
    2025-07-25,CDM,0.05733678058619468
    2025-07-25,CIH,0.034718701879632205
    2025-07-25,CSR,0.06789063987207872
    2025-07-25,GAZ,0.030696797070287902
    2025-07-25,HPS,0.028189782211128014
    2025-07-25,IAM,0.05278176556746629
    2025-07-25,LBV,0.046876295503023455
    2025-07-25,LHF,0.049570698945581936
    2025-07-25,LSE,0.022310191777818202
    2025-07-25,MNG,0.07422363010405002
    2025-07-25,SID,0.15770013406720063
    2025-07-25,TQM,0.13914270547933072
    2025-07-25,WAA,0.08888417316929753
    2025-08-01,ATW,0.07529188185226839
    2025-08-01,BOA,0.07374666261137104
    2025-08-01,CDM,0.05770292858943229
    2025-08-01,CIH,0.034962089594794
    2025-08-01,CSR,0.0669352400795455
    2025-08-01,GAZ,0.030884529563610146
    2025-08-01,HPS,0.027642266576381413
    2025-08-01,IAM,0.05320740824737601
    2025-08-01,LBV,0.04682364683160493
    2025-08-01,LHF,0.04975444367917119
    2025-08-01,LSE,0.022055950251218433
    2025-08-01,MNG,0.07427814286853572
    2025-08-01,SID,0.15848798252652765
    2025-08-01,TQM,0.1392642810031135
    2025-08-01,WAA,0.08896254572504987
    2025-08-08,ATW,0.07556540727142626
    2025-08-08,BOA,0.07459674568685119
    2025-08-08,CDM,0.0553647690214511
    2025-08-08,CIH,0.03475157296420712
    2025-08-08,CSR,0.06855603902951438
    2025-08-08,GAZ,0.030191188396047976
    2025-08-08,HPS,0.028092212854549832
    2025-08-08,IAM,0.0527885111389208
    2025-08-08,LBV,0.04561603464789107
    2025-08-08,LHF,0.05072543279611792
    2025-08-08,LSE,0.021483486511444643
    2025-08-08,MNG,0.0738231070327526
    2025-08-08,SID,0.1602166164320398
    2025-08-08,TQM,0.1397487881902271
    2025-08-08,WAA,0.08848008802655827
    2025-08-15,ATW,0.07529317525280288
    2025-08-15,BOA,0.07598624833609616
    2025-08-15,CDM,0.059964387813626514
    2025-08-15,CIH,0.03348717506421356
    2025-08-15,CSR,0.06778258871850677
    2025-08-15,GAZ,0.029164079884210527
    2025-08-15,HPS,0.02862140596510613
    2025-08-15,IAM,0.05259425585230766
    2025-08-15,LBV,0.0444157960338843
    2025-08-15,LHF,0.05051437292334764
    2025-08-15,LSE,0.021515292681891618
    2025-08-15,MNG,0.07479982399020259
    2025-08-15,SID,0.15960304553521606
    2025-08-15,TQM,0.13713422388474308
    2025-08-15,WAA,0.08912412806384436
    2025-08-22,ATW,0.07539798558096018
    2025-08-22,BOA,0.07645442465738347
    2025-08-22,CDM,0.06000011008269433
    2025-08-22,CIH,0.03310367526791264
    2025-08-22,CSR,0.06747541278499698
    2025-08-22,GAZ,0.028739889744070844
    2025-08-22,HPS,0.027793087858361536
    2025-08-22,IAM,0.05202576557509096
    2025-08-22,LBV,0.04493427672755721
    2025-08-22,LHF,0.05015732086007104
    2025-08-22,LSE,0.022568838713764316
    2025-08-22,MNG,0.07443974093835654
    2025-08-22,SID,0.15974000674435201
    2025-08-22,TQM,0.13809455900394724
    2025-08-22,WAA,0.08907490546048072
    2025-08-29,ATW,0.07559287398530815
    2025-08-29,BOA,0.07638692401256762
    2025-08-29,CDM,0.06000323604731199
    2025-08-29,CIH,0.0331388245558093
    2025-08-29,CSR,0.06735387285375678
    2025-08-29,GAZ,0.028892609252322617
    2025-08-29,HPS,0.027832985551825767
    2025-08-29,IAM,0.05187387279996916
    2025-08-29,LBV,0.04493435453321674
    2025-08-29,LHF,0.050235663884015125
    2025-08-29,LSE,0.022177164267218538
    2025-08-29,MNG,0.07447723851217357
    2025-08-29,SID,0.1600042761704685
    2025-08-29,TQM,0.13809337786538878
    2025-08-29,WAA,0.08900272570864728
    2025-09-08,ATW,0.07495005044815437
    2025-09-08,BOA,0.07585201096528814
    2025-09-08,CDM,0.06056747224108218
    2025-09-08,CIH,0.032165160303205535
    2025-09-08,CSR,0.0678383988951322
    2025-09-08,GAZ,0.029529513317090847
    2025-09-08,HPS,0.024932647935932674
    2025-09-08,IAM,0.052951065924155445
    2025-09-08,LBV,0.04474844976314491
    2025-09-08,LHF,0.052499658850004315
    2025-09-08,LSE,0.023590155844007508
    2025-09-08,MNG,0.07396407264054423
    2025-09-08,SID,0.1604212055961672
    2025-09-08,TQM,0.13769379246035415
    2025-09-08,WAA,0.08829634481573621
    2025-09-12,ATW,0.07496840669522914
    2025-09-12,BOA,0.07583637418436594
    2025-09-12,CDM,0.06047920068233465
    2025-09-12,CIH,0.032184895411165655
    2025-09-12,CSR,0.06785408707499148
    2025-09-12,GAZ,0.029528357681542265
    2025-09-12,HPS,0.024907837500571295
    2025-09-12,IAM,0.05301706748762843
    2025-09-12,LBV,0.04476388445266142
    2025-09-12,LHF,0.052483655216818
    2025-09-12,LSE,0.02361391340540422
    2025-09-12,MNG,0.07394927074158074
    2025-09-12,SID,0.1604665429338914
    2025-09-12,TQM,0.1376822876188569
    2025-09-12,WAA,0.08826421891295842
    2025-09-19,ATW,0.07475932429189723
    2025-09-19,BOA,0.07530459818288819
    2025-09-19,CDM,0.062259065428192234
    2025-09-19,CIH,0.03222425969816035
    2025-09-19,CSR,0.06737590254695536
    2025-09-19,GAZ,0.029282095908411215
    2025-09-19,HPS,0.024888312170028376
    2025-09-19,IAM,0.05298227002443206
    2025-09-19,LBV,0.04526085613429789
    2025-09-19,LHF,0.05390724718541004
    2025-09-19,LSE,0.023637624319914396
    2025-09-19,MNG,0.0745905788365881
    2025-09-19,SID,0.1599381947075278
    2025-09-19,TQM,0.1369760494464515
    2025-09-19,WAA,0.08661362111884535
    2025-09-26,ATW,0.07463548577067848
    2025-09-26,BOA,0.07763404131410574
    2025-09-26,CDM,0.060469724175162776
    2025-09-26,CIH,0.03024948701332788
    2025-09-26,CSR,0.06539498573078495
    2025-09-26,GAZ,0.029215996300602547
    2025-09-26,HPS,0.025968956242026848
    2025-09-26,IAM,0.05059912421522612
    2025-09-26,LBV,0.044397611676462286
    2025-09-26,LHF,0.052555099530824684
    2025-09-26,LSE,0.02420667252679324
    2025-09-26,MNG,0.07563562288442717
    2025-09-26,SID,0.16171373480994905
    2025-09-26,TQM,0.13922372386979368
    2025-09-26,WAA,0.08809973393983454
    2025-10-03,ATW,0.07439352339058465
    2025-10-03,BOA,0.07633328802956756
    2025-10-03,CDM,0.05975251345561716
    2025-10-03,CIH,0.03086175921390685
    2025-10-03,CSR,0.0689383841919306
    2025-10-03,GAZ,0.03269405920475418
    2025-10-03,HPS,0.030322376935524496
    2025-10-03,IAM,0.05150061183592678
    2025-10-03,LBV,0.043842479718855604
    2025-10-03,LHF,0.05417571937819389
    2025-10-03,LSE,0.014088787257260128
    2025-10-03,MNG,0.07795092571785457
    2025-10-03,SID,0.1631164786629379
    2025-10-03,TQM,0.1356736641537513
    2025-10-03,WAA,0.08635542885333428
    2025-10-10,ATW,0.07252713881889025
    2025-10-10,BOA,0.0772716860486745
    2025-10-10,CDM,0.05855380409680382
    2025-10-10,CIH,0.030385323413312144
    2025-10-10,CSR,0.06824943722158351
    2025-10-10,GAZ,0.0354430948318298
    2025-10-10,HPS,0.033164841816849644
    2025-10-10,IAM,0.049828767536250665
    2025-10-10,LBV,0.044542079830578944
    2025-10-10,LHF,0.05199781142544515
    2025-10-10,LSE,0.01855407113830253
    2025-10-10,MNG,0.07774595125515762
    2025-10-10,SID,0.1588618494523881
    2025-10-10,TQM,0.14002660672694592
    2025-10-10,WAA,0.08284753638698736
    2025-10-17,ATW,0.07273128309110165
    2025-10-17,BOA,0.07754378506442773
    2025-10-17,CDM,0.05865122539009103
    2025-10-17,CIH,0.030976371404129555
    2025-10-17,CSR,0.06925343216650688
    2025-10-17,GAZ,0.03518281943060986
    2025-10-17,HPS,0.031244355135960383
    2025-10-17,IAM,0.049951976672985204
    2025-10-17,LBV,0.044500794365941156
    2025-10-17,LHF,0.0534286217188725
    2025-10-17,LSE,0.017841929503107812
    2025-10-17,MNG,0.07686945727407649
    2025-10-17,SID,0.15841234848309485
    2025-10-17,TQM,0.1405652565745592
    2025-10-17,WAA,0.08284634372453582
    2025-10-24,ATW,0.07290739025254396
    2025-10-24,BOA,0.07845811705784932
    2025-10-24,CDM,0.05860570757812924
    2025-10-24,CIH,0.029610088502094487
    2025-10-24,CSR,0.06931704917009451
    2025-10-24,GAZ,0.03522177033207775
    2025-10-24,HPS,0.031286629681192675
    2025-10-24,IAM,0.049632644986706706
    2025-10-24,LBV,0.04369155345899414
    2025-10-24,LHF,0.0525099269597915
    2025-10-24,LSE,0.01789511917660536
    2025-10-24,MNG,0.07703654778387371
    2025-10-24,SID,0.15871647395583363
    2025-10-24,TQM,0.1421383365824715
    2025-10-24,WAA,0.08297264452174137
    2025-10-31,ATW,0.07782456400449922
    2025-10-31,BOA,0.08274288359357461
    2025-10-31,CDM,0.05762411873715352
    2025-10-31,CIH,0.0308287212181899
    2025-10-31,CSR,0.07453929121817235
    2025-10-31,GAZ,0.034300133197008684
    2025-10-31,HPS,0.03544442067668407
    2025-10-31,IAM,0.05168625287745658
    2025-10-31,LBV,0.039727747751224084
    2025-10-31,LHF,0.05323620441259623
    2025-10-31,LSE,0.017294911196820664
    2025-10-31,MNG,0.07201026411298062
    2025-10-31,SID,0.1521384218333315
    2025-10-31,TQM,0.14468355283269682
    2025-10-31,WAA,0.07591851233761109
    2025-11-07,ATW,0.0770658771404013
    2025-11-07,BOA,0.08159841014413663
    2025-11-07,CDM,0.0573020216874859
    2025-11-07,CIH,0.030295100772837313
    2025-11-07,CSR,0.07395617258165131
    2025-11-07,GAZ,0.035118992538105014
    2025-11-07,HPS,0.03638355307541309
    2025-11-07,IAM,0.05222400704589799
    2025-11-07,LBV,0.039962664009071176
    2025-11-07,LHF,0.053434313592698
    2025-11-07,LSE,0.017137966410421552
    2025-11-07,MNG,0.0735954831395878
    2025-11-07,SID,0.14975835721242453
    2025-11-07,TQM,0.14402288271870403
    2025-11-07,WAA,0.07814419793116434
    2025-11-14,ATW,0.07638462672872758
    2025-11-14,BOA,0.08392882073509701
    2025-11-14,CDM,0.052947035439337126
    2025-11-14,CIH,0.028909098852661165
    2025-11-14,CSR,0.07687777724284403
    2025-11-14,GAZ,0.03713892304194172
    2025-11-14,HPS,0.03569401313186129
    2025-11-14,IAM,0.0523089218986691
    2025-11-14,LBV,0.03933163801686735
    2025-11-14,LHF,0.0523543337521873
    2025-11-14,LSE,0.016762725945893914
    2025-11-14,MNG,0.07219812745835272
    2025-11-14,SID,0.14634141719964952
    2025-11-14,TQM,0.15136967783138366
    2025-11-14,WAA,0.07745286272452641
    2025-11-21,ATW,0.07587451932037803
    2025-11-21,BOA,0.08224851943190183
    2025-11-21,CDM,0.05428260483479756
    2025-11-21,CIH,0.02925630810361161
    2025-11-21,CSR,0.07696986389181133
    2025-11-21,GAZ,0.03547993512687121
    2025-11-21,HPS,0.03785912092670651
    2025-11-21,IAM,0.054921866604515326
    2025-11-21,LBV,0.03919498872992812
    2025-11-21,LHF,0.05141094440773069
    2025-11-21,LSE,0.017276474497266384
    2025-11-21,MNG,0.07097674699512983
    2025-11-21,SID,0.14619022679205124
    2025-11-21,TQM,0.15178627462282462
    2025-11-21,WAA,0.0762716057144756
    2025-11-28,ATW,0.07659003975350512
    2025-11-28,BOA,0.08273707097822218
    2025-11-28,CDM,0.05467639632538702
    2025-11-28,CIH,0.0301062342776801
    2025-11-28,CSR,0.07703911307340702
    2025-11-28,GAZ,0.03524026539524604
    2025-11-28,HPS,0.03790984389062467
    2025-11-28,IAM,0.05452251053954754
    2025-11-28,LBV,0.039873359824551924
    2025-11-28,LHF,0.0511233661194791
    2025-11-28,LSE,0.01817282604675969
    2025-11-28,MNG,0.07037827046074817
    2025-11-28,SID,0.145899076980073
    2025-11-28,TQM,0.1501272261143425
    2025-11-28,WAA,0.075604400220426
    2025-12-05,ATW,0.0774733006484363
    2025-12-05,BOA,0.08338654836060945
    2025-12-05,CDM,0.05482130944632846
    2025-12-05,CIH,0.02879520851155885
    2025-12-05,CSR,0.07576253213661575
    2025-12-05,GAZ,0.03357893508481835
    2025-12-05,HPS,0.03896429208152186
    2025-12-05,IAM,0.05575112815761035
    2025-12-05,LBV,0.03962413930295161
    2025-12-05,LHF,0.05181563786980792
    2025-12-05,LSE,0.018007792987386115
    2025-12-05,MNG,0.07077316799848796
    2025-12-05,SID,0.1456962076201502
    2025-12-05,TQM,0.1497284205627239
    2025-12-05,WAA,0.0758213792309931
